Residue_name,Label
IA234,
SA235,
KA236,
DA237,
VA238,
YA239,
EA240,
NA241,
FA242,
RA243,
QA244,
WA245,
QA246,
RA247,
YA248,
KA249,
AA250,
LA251,
AA252,
RA253,
RA254,
HA255,
LA256,
SA257,
QA258,
SA259,
PA260,
DA261,
TA262,
EA263,
AA264,
LA265,
SA266,
CA267,
FA268,
LA269,
IA270,
PA271,
VA272,
LA273,
RA274,
SA275,
LA276,
AA277,
RA278,
LA279,
KA280,
PA281,
TA282,
MA283,
TA284,
LA285,
EA286,
EA287,
GA288,
LA289,
PA290,
LA291,
AA292,
VA293,
QA294,
EA295,
WA296,
EA297,
HA298,
TA299,
SA300,
NA301,
FA302,
DA303,
RA304,
MA305,
IA306,
FA307,
YA308,
EA309,
MA310,
AA311,
EA312,
RA313,
FA314,
MA315,
EA316,
FA317,
EA318,
AA319,
EA320,
EA321,
MA322,
QA323,
IA324,
QA325,
NA326,
TA327,
QA328,
LA329,
MA330,
NA331,
GA332,
SA333,
QA334,
GA335,
LA336,
SA337,
PA338,
AA339,
TA340,
PA341,
LA342,
KA343,
LA344,
DA345,
PA346,
LA347,
GA348,
PA349,
LA350,
AA351,
SA352,
EA353,
VA354,
CA355,
QA356,
QA357,
PA358,
VA359,
YA360,
IA361,
PA362,
KA363,
KA364,
AA365,
AA366,
SA367,
KA368,
TA369,
RA370,
AA371,
PA372,
RA373,
RA374,
RA375,
QA376,
RA377,
KA378,
AA379,
QA380,
RA381,
PA382,
PA383,
AA384,
PA385,
EA386,
AA387,
PA388,
KA389,
EA390,
IA391,
PA392,
PA393,
EA394,
AA395,
VA396,
KA397,
EA398,
YA399,
VA400,
DA401,
IA402,
MA403,
EA404,
WA405,
LA406,
VA407,
GA408,
TA409,
HA410,
LA411,
AA412,
TA413,
GA414,
EA415,
SA416,
DA417,
GA418,
KA419,
QA420,
EA421,
EA422,
EA423,
GA424,
QA425,
QA426,
QA427,
EA428,
EA429,
EA430,
GA431,
MA432,
YA433,
PA434,
DA435,
PA436,
GA437,
LA438,
LA439,
SA440,
YA441,
IA442,
NA443,
EA444,
LA445,
CA446,
SA447,
QA448,
KA449,
VA450,
FA451,
VA452,
SA453,
KA454,
VA455,
EA456,
AA457,
VA458,
IA459,
HA460,
PA461,
QA462,
FA463,
LA464,
AA465,
DA466,
LA467,
LA468,
SA469,
PA470,
EA471,
KA472,
QA473,
RA474,
DA475,
PA476,
LA477,
AA478,
LA479,
IA480,
EA481,
EA482,
LA483,
EA484,
QA485,
EA486,
EA487,
GA488,
LA489,
TA490,
LA491,
AA492,
QA493,
LA494,
VA495,
QA496,
KA497,
RA498,
LA499,
MA500,
