WT residue type,chain ID,Residue #,G,A,V,L,I,M,F,W,P,S,T,C,Y,N,Q,D,E,K,R,H,s,p,y
I,A,234,2.66203,2.2122,1.01986,0.04289,0.00014,-0.68037,2.19973,1.49465,2.39176,2.27736,1.33602,1.37534,2.27477,1.19627,1.39421,2.70261,2.57047,1.38681,-0.00012,2.13663,2.34862,2.11486,1.45034
S,A,235,0.49683,0.4829,1.17942,0.48394,0.84026,0.26579,0.52971,0.13358,-0.65254,-0.00024,0.0863,1.01903,0.43556,-1.39614,0.43802,-1.86201,0.31234,0.50415,0.45117,0.46509,0.02067,0.19863,0.08114
K,A,236,0.74078,0.27195,0.38989,-0.01823,0.04688,-0.11443,-0.10349,-0.47436,-0.88663,0.14251,0.07796,0.60461,0.01406,0.23287,-0.10044,-0.39285,-0.41641,-0.01066,-0.0651,0.65857,0.46506,0.42113,0.24024
D,A,237,1.16723,0.73368,0.90282,0.61752,0.3337,0.72129,0.50953,1.1647,0.59156,0.59799,0.69125,1.00287,-0.10127,0.64032,0.31061,0.00321,-0.36763,0.21693,0.47542,1.17688,-0.02687,0.65327,-0.05389
V,A,238,1.27347,0.31006,8e-05,-0.88978,-0.36807,-0.19048,-0.02734,-0.17181,-0.89974,0.95892,0.41667,0.95906,0.45074,0.77804,-0.09721,1.41804,-0.03564,-0.44264,-0.34681,0.68918,-0.47855,-1.03305,-0.07097
Y,A,239,2.46249,1.15462,1.28385,0.10389,1.70502,0.00444,0.49075,-0.10049,4.49864,1.52858,2.75156,1.84863,0.0013,1.84752,1.11934,2.26764,1.4996,0.64202,0.69416,1.26274,2.11106,3.38846,-0.00363
E,A,240,1.5743,0.53797,0.73526,-0.29034,-0.08204,-0.16299,0.57687,0.48142,2.70205,0.81494,1.09555,1.2315,0.06958,0.52704,0.1948,0.50252,-0.01932,0.34894,0.34969,0.73216,0.53852,0.5199,-0.36272
N,A,241,2.30532,0.67684,0.09922,-0.79134,-0.66876,-0.57457,0.05869,-0.59682,3.05538,2.0073,0.76933,1.48124,0.66359,-0.00568,0.35791,1.68853,-0.47411,-0.09847,0.18272,0.52027,2.22509,1.55347,0.46263
F,A,242,5.03725,3.01951,3.79074,0.03775,3.44889,0.71312,-0.00392,-0.76341,8.27659,3.42797,3.69405,3.312,0.10362,3.33565,2.87868,5.05044,4.50267,2.50333,2.48209,1.90988,7.89081,9.99909,8.79259
R,A,243,3.44746,2.14329,2.24919,1.26322,1.31672,1.32451,1.93276,1.97078,5.41548,2.30265,1.88138,2.73852,2.20526,1.93461,1.8381,2.95613,2.34839,0.8077,-0.01111,1.58844,2.49485,3.78207,1.99669
Q,A,244,2.3943,0.96276,-0.33913,-0.93224,-0.77201,0.28695,0.23372,-0.60752,3.70097,1.25898,0.35821,1.41536,-0.2654,0.56732,-0.01839,0.3313,-1.4341,-0.56624,-0.08107,0.70407,0.91392,0.24627,-0.11775
W,A,245,7.01492,4.9769,5.75277,4.36074,6.73211,3.52332,3.12284,-0.02567,11.5939,6.07877,7.14536,5.37075,2.81883,5.91083,6.02518,7.17734,6.78812,5.06862,4.1177,4.57348,10.01042,15.13936,8.66483
Q,A,246,3.36052,2.49446,2.07133,0.64224,1.387,1.20773,2.01855,1.36918,6.92268,1.84812,2.67635,2.54634,2.01816,2.32181,0.00362,2.81281,1.76446,1.74919,-0.17959,2.75733,2.43391,2.9098,1.63247
R,A,247,1.1271,0.22334,0.35246,-0.19171,-0.24744,-0.10638,0.11079,0.38454,3.03293,0.33253,0.88657,0.98685,0.09949,0.76262,-0.42559,0.64155,0.26287,0.16815,-0.04056,0.50345,0.51862,0.39538,-0.64517
Y,A,248,3.60791,2.2711,3.37432,-0.99974,2.71083,0.6561,-0.44537,0.98228,5.89061,2.28828,3.31119,1.9461,-0.01804,1.96903,2.56278,3.32003,3.40115,2.46002,2.79875,2.27374,5.71214,10.66198,0.09185
K,A,249,1.51697,0.49505,0.17964,-1.56214,-0.77315,-0.59123,0.59014,1.68308,3.91068,0.28078,-0.87854,0.74916,1.5533,0.5231,0.51504,2.21779,1.19218,-0.01932,-1.12252,1.88647,1.80671,1.43722,1.86683
A,A,250,0.25569,0.0,-0.05648,0.05512,-0.32243,-0.50159,0.09436,-0.03362,-0.97689,-1.04145,-1.05398,-0.50381,0.13051,-0.33977,-0.88337,0.1014,-0.25949,-0.57962,-1.17121,0.19419,0.06518,0.18932,-0.21635
L,A,251,2.80948,1.88312,2.05101,-0.00024,1.07709,-0.34934,0.81043,0.99899,1.7804,2.51623,1.62893,2.676,0.66505,2.00524,1.34127,2.80432,1.54353,0.96779,0.8264,1.7308,3.49435,4.26006,0.36872
A,A,252,1.87901,0.0,2.58696,6.71242,5.74343,4.32111,18.71956,33.59456,4.07235,-0.09063,0.61312,1.97212,23.6876,6.8629,8.96161,7.96757,8.79796,10.47373,14.27903,21.71112,15.34294,19.90994,17.98018
R,A,253,0.8035,0.2049,1.71479,-0.06669,1.20618,0.26866,-0.25116,0.7951,2.5055,0.08707,1.55006,1.20355,-0.06447,0.72872,0.38763,1.21102,0.37796,0.11253,-0.04324,1.07402,0.62814,1.56492,0.43929
R,A,254,2.67333,1.86971,2.13304,1.20149,1.80955,1.02507,1.30599,1.61857,3.77347,1.87998,1.60898,2.24202,1.35961,2.09071,1.32958,2.39817,1.79872,1.37436,-0.03142,2.31942,2.18885,2.5393,1.0845
H,A,255,1.60784,1.40483,0.11067,-0.75207,-1.15873,0.33631,-1.57328,-0.84273,2.45166,1.5407,0.30868,2.56678,-0.91026,1.13822,0.52907,1.53109,0.99235,-0.11873,0.22809,-0.0444,2.00704,2.96918,-1.9549
L,A,256,3.11037,2.09327,1.7061,-0.00741,-0.2903,0.59386,-0.13935,-0.10285,5.8406,2.23036,2.65726,1.77941,0.41563,1.55492,1.19171,3.02042,2.43408,1.05136,1.28685,1.41761,3.34796,4.3359,0.93743
S,A,257,-0.3404,-0.09625,-0.05499,-0.19871,-0.11698,-0.23892,-0.47605,-0.60952,-0.55524,-0.00013,-0.20423,0.07735,-0.48379,-0.48727,-0.44622,-0.56176,-0.30144,-0.79865,-0.78317,-0.21168,0.12274,0.05654,-0.71811
Q,A,258,-0.47197,0.37656,1.53011,0.04525,2.96283,0.21172,-0.0116,-0.08128,4.08358,0.24502,1.35387,0.32893,-0.04704,-0.10144,-0.01234,0.10324,0.06823,0.01252,-0.00534,0.20579,-0.2376,0.42683,-0.34493
S,A,259,1.40556,1.45028,2.21404,0.69771,1.6817,0.91635,1.22554,1.57107,2.75696,-0.04185,-0.93191,1.42924,1.21397,0.09623,1.69977,0.11017,1.61325,0.97554,0.79578,1.51644,2.15698,2.88576,0.96946
P,A,260,1.69846,1.14897,0.97548,0.02824,0.77279,0.06494,-0.14963,0.23263,0.00234,1.16039,1.09617,1.39386,0.74965,1.36838,0.77786,0.91542,0.26791,0.52205,0.51602,1.29066,1.01615,1.01961,1.0619
D,A,261,4.15275,2.87452,3.91614,3.0282,3.93772,2.89902,4.20804,3.55868,3.17829,3.78098,3.62938,3.56233,4.43175,3.81009,2.83471,-0.01339,1.10939,3.06075,3.14447,3.99663,0.95624,3.28192,3.1409
T,A,262,1.96238,0.82061,1.30484,1.45141,2.30739,0.38383,6.77241,6.51078,5.66163,0.77929,0.00645,1.69173,11.16958,1.58958,1.11902,4.09004,3.101,2.3678,1.49703,8.90689,6.11364,7.66029,11.89557
E,A,263,0.60719,-0.17292,0.44226,-1.62693,-0.08004,-1.309,-1.21429,-0.93761,0.21796,0.46694,-0.60138,0.08959,-1.38457,0.48967,-0.23611,0.32523,-0.0,-0.99924,-0.45996,-0.15389,1.51067,3.06023,-1.62869
A,A,264,1.59447,0.0,4.76821,5.88397,7.54269,4.94636,10.9155,23.23102,-0.27283,1.01349,3.30381,2.43828,11.49316,6.96737,6.36506,9.20951,8.18633,8.89859,6.8206,18.76016,18.25652,20.48804,17.60558
L,A,265,5.2768,3.69785,3.88627,-0.01418,3.80714,0.81845,0.86924,6.83783,8.95694,4.21373,2.84017,3.79003,2.06403,3.84339,2.96557,5.13117,4.48954,4.16944,5.78199,3.10842,8.20883,11.44192,15.9965
S,A,266,0.02373,-1.64522,2.21788,3.76499,5.5954,5.0539,20.7496,19.90054,4.46933,-6e-05,1.35636,1.3951,23.76906,4.50028,5.44729,7.17826,8.17383,8.95977,8.92832,14.85574,18.6411,20.46356,29.53722
C,A,267,1.35628,-0.52676,-1.75367,3.17705,0.18758,0.8465,8.41602,3.84862,4.86944,1.21726,0.56198,-0.00067,8.64744,3.55888,3.25024,3.70192,2.14199,2.5139,2.59468,8.72502,6.7334,10.31044,6.86087
F,A,268,4.69539,2.61127,2.99512,0.9714,2.24268,0.58543,-0.05241,0.05417,7.93664,3.05854,2.72889,2.9166,0.49349,2.36458,1.89326,3.89707,3.14958,1.42713,1.40389,1.3417,7.02154,8.54601,0.86669
L,A,269,5.54033,3.83848,4.50859,-0.01385,2.89322,0.46708,1.44425,5.75316,8.01844,4.67323,3.72817,4.02451,4.90563,3.61998,4.07493,5.71182,5.04298,5.21999,4.96776,3.59166,8.8159,9.91637,17.4102
I,A,270,3.41219,2.69409,1.13784,-0.23221,0.00152,1.61014,6.58058,5.46536,7.0554,3.20072,2.69006,1.78353,6.38143,1.04533,2.18671,3.99412,3.85683,2.73733,3.02886,10.16027,6.70306,5.77823,7.94373
P,A,271,2.504,1.86794,1.78298,1.15897,1.26597,0.98939,1.43351,0.66242,0.00095,2.32377,2.0055,1.96179,1.63479,2.08794,1.42554,1.78821,1.48016,1.17831,1.26122,2.39356,1.69199,2.01028,1.59886
V,A,272,3.46445,1.59041,-0.04674,-0.1179,-0.18854,0.25107,2.30682,-1.51631,4.36636,3.30246,1.75264,2.13675,0.87357,1.73489,1.51453,2.8346,2.07729,0.98355,0.84019,2.12238,4.10373,3.86916,3.56853
L,A,273,4.89189,3.60469,2.3706,-0.01002,0.87197,0.25187,3.04887,1.47064,5.89648,3.23313,1.49144,3.45505,3.34909,4.03627,3.29283,4.30332,3.92617,3.47502,3.29997,3.08185,5.12408,6.8424,2.54158
R,A,274,2.12814,1.30696,2.6534,0.53246,1.89797,0.76643,0.67806,0.60812,2.88342,1.11595,1.78419,1.68662,0.91054,1.10457,1.03441,1.50774,1.0696,0.44751,0.02284,1.42857,1.35926,2.06369,0.28316
S,A,275,1.04301,-0.01937,0.31255,-0.60568,-0.46342,-0.4746,-0.71613,-0.83738,3.72583,-8e-05,0.11808,0.48141,-0.69305,-0.08311,-0.35359,0.27047,-0.13109,-0.25381,-1.99222,0.11121,-0.01885,0.0374,-1.23274
L,A,276,3.75282,2.43185,1.41649,-0.00533,0.64922,0.27557,0.08124,-0.51752,5.50914,2.80233,2.08155,2.37676,0.33638,2.5594,1.80951,3.78275,2.86445,1.4245,1.71122,2.14107,4.82037,7.28714,0.91369
A,A,277,0.64981,-0.0,0.50656,-0.72969,0.16953,-1.41579,-1.17704,-0.93977,3.42758,0.04474,0.1821,0.39575,-0.62299,-0.1826,-0.56796,0.31713,-0.25068,-0.69944,-0.98093,0.26741,0.07808,0.56207,-1.49152
R,A,278,1.11649,0.28251,0.67721,0.25078,0.43316,-0.16888,0.22958,0.03401,2.7152,0.3511,0.80027,0.86337,0.27243,0.08866,0.07069,0.64726,0.27125,0.15447,-0.02484,0.37159,0.42572,0.72678,-0.21202
L,A,279,1.32613,0.30824,0.66947,-6e-05,-0.30681,-0.21316,-0.00339,0.05009,4.01298,0.48012,0.66722,0.45689,0.07438,0.36983,0.21301,0.58551,0.28219,-0.08846,-0.23573,0.61133,0.52433,0.59255,-0.54393
K,A,280,1.85816,1.18621,0.83785,-0.11999,-0.18974,-0.64019,-0.2099,-0.67651,4.19131,1.04145,1.35289,0.62468,-0.09382,0.17819,0.40876,1.10285,1.02762,-0.00963,0.03626,0.244,1.19526,0.86687,-0.33369
P,A,281,1.56162,1.54496,2.17844,1.72106,1.98528,1.81069,1.33056,1.6559,-0.00222,1.12036,1.74266,1.55923,1.40276,1.15523,1.2121,1.62655,1.38589,1.07842,1.07612,1.38291,1.41867,2.46758,0.42838
T,A,282,-0.03054,-0.12755,-0.04204,-0.45106,-0.46013,-0.71454,-0.39354,-0.76852,-0.34592,-0.24229,0.00093,-0.43416,-0.57583,-0.23739,-0.38931,-0.2722,-0.43553,-0.61783,-0.59059,-0.21295,-0.33651,0.05865,-0.67634
M,A,283,2.75636,1.7999,1.43228,-0.43416,0.56768,-0.02034,0.54882,-0.4054,6.62015,2.09075,1.42338,1.55483,0.33005,1.92063,1.08799,3.2082,2.71566,0.76639,0.87538,2.00298,4.31423,4.39389,0.50993
T,A,284,1.832,2.79497,4.16896,3.01257,3.99634,3.0742,3.12444,3.48197,1.59193,-0.03735,-0.07381,3.31904,3.17658,1.38204,2.86102,1.40186,2.54104,3.07401,2.99234,3.04809,1.87664,3.73419,3.05796
L,A,285,2.20449,1.75032,1.34918,-0.0165,0.3895,-0.30793,1.01018,1.40318,0.41441,1.9944,1.44696,1.70773,1.50683,2.04223,0.86553,1.54944,0.94586,0.96002,0.89992,1.21431,1.62461,1.13931,0.5168
E,A,286,1.86013,1.52975,1.84286,1.53975,2.01033,1.09795,1.7888,0.77392,1.23707,1.66363,1.79905,2.06688,1.84235,1.90341,1.54299,1.57463,-0.0079,1.65339,1.38749,1.90241,1.33995,1.94008,1.12928
E,A,287,2.84335,1.70993,1.43735,0.47867,1.26111,1.00623,1.2002,1.27659,3.40135,2.37801,2.07983,2.02147,1.09322,1.76987,0.71756,1.66002,-0.03042,1.09403,1.24783,1.71089,-0.01966,0.26261,0.77725
G,A,288,0.0,-1.9952,-0.53751,-2.96225,-1.83923,-3.07833,3.80867,12.07318,2.9981,-0.91998,-0.155,-0.69395,10.88225,0.77281,-1.12786,2.98784,0.45951,-0.84659,-0.81975,10.17222,5.60562,6.02575,33.8146
L,A,289,4.40985,2.60292,3.06652,-0.09531,1.39615,0.29512,0.27734,4.83418,6.41879,4.48028,2.20888,3.80335,4.74204,3.34802,2.93276,3.53125,2.49265,4.11768,3.64274,3.0927,6.40319,8.27192,9.56219
P,A,290,2.41709,2.11509,2.06766,2.03641,1.41535,1.85315,2.26375,2.17721,-0.00524,1.36971,1.77813,1.98203,2.28217,2.60268,1.8001,2.10923,2.22763,1.85059,1.50424,2.6811,2.2854,2.83313,1.95686
L,A,291,2.0671,0.86299,0.79843,-0.0003,-0.0103,0.07829,0.20931,0.46703,0.66686,1.14869,1.10059,1.31552,0.294,1.03879,0.3658,1.38453,0.9396,0.30104,-0.04466,0.88078,1.41322,1.45622,0.28205
A,A,292,2.49483,0.0,1.67239,5.91367,4.76992,7.23896,15.32228,26.22848,7.09479,1.34618,1.54468,1.74788,24.54822,5.35297,9.11278,7.97507,9.64432,9.9807,7.6159,17.16789,16.58974,17.81866,27.74536
V,A,293,2.83854,1.49991,-0.0001,-1.16997,-1.10658,-0.36442,-0.73793,-0.14408,5.24106,1.86857,1.13842,1.47956,0.22442,1.28655,1.47434,2.82812,1.66207,1.06352,0.94646,1.67364,1.90045,0.80506,0.50415
Q,A,294,0.70554,-0.09756,0.1855,-0.27104,-0.3773,-0.51299,-0.48708,-0.68015,2.46831,-0.09039,0.66312,0.6152,-0.48155,-0.03497,-0.00076,0.2334,-0.06988,-0.35715,-0.85596,0.11667,0.02112,0.12549,-0.69867
E,A,295,1.3502,0.29974,0.10365,-0.74374,-1.09241,-1.23612,-0.79804,-1.65722,3.19294,0.53027,0.74757,0.96449,-0.62645,0.25544,-0.15243,0.46011,-0.00283,-0.43652,-0.43461,0.39525,0.23002,-0.0675,-1.13632
W,A,296,7.91164,6.58495,7.45689,4.36448,6.94171,4.21278,2.29123,-0.01332,9.1776,7.40782,8.49227,7.03074,3.90524,6.67582,6.22549,8.38391,8.10673,6.59595,6.38981,5.246,11.20658,14.58056,8.24954
E,A,297,1.11828,0.28985,0.57191,-0.29766,-0.0321,-0.35712,-0.49944,-0.2883,3.80219,0.53104,1.12909,0.89979,-0.21321,0.39316,-0.23829,0.31599,-0.00418,0.00803,0.11489,0.28404,0.09053,0.335,-0.70635
H,A,298,0.52537,0.06875,0.9191,-0.02883,0.39492,-0.15332,-0.02831,-0.12669,1.98897,-0.31805,0.50057,-0.32667,0.10845,0.05791,-0.31335,0.31665,0.35954,-0.66683,-0.33301,0.01401,0.21249,1.07893,-0.10842
T,A,299,1.22175,0.12592,-0.07797,-1.97491,-0.4112,-0.56889,-0.12737,1.54249,4.81247,0.99901,0.00252,0.46235,1.35069,0.84452,0.3882,1.5133,0.52509,-0.8615,-0.76858,1.44632,2.13333,2.91784,1.96607
S,A,300,1.07406,0.62534,1.24519,0.53901,1.06921,0.74775,0.7361,0.7234,-0.42142,-0.00459,0.48361,1.12065,0.76007,0.57914,0.81576,0.84436,0.55952,0.26222,-1.47809,1.08538,0.89381,1.3272,-0.34628
N,A,301,0.20447,-0.02843,0.31679,-0.06492,0.20212,0.0175,0.0882,-0.63652,-1.12063,0.0726,0.38774,0.29898,0.06253,0.0,-0.16695,-0.29907,-0.54354,-0.17218,-0.25249,0.37547,-0.11331,0.51199,-0.28348
F,A,302,0.19068,-0.20432,0.19611,-0.09676,0.13125,0.12612,-0.0,-0.19476,-0.37766,-0.1268,-0.22791,0.55577,-0.02145,0.12947,-0.60609,0.23256,-0.08382,-0.33343,-0.50353,0.2959,0.50489,0.30886,-0.47066
D,A,303,1.43767,0.39138,0.73262,-0.2685,0.17262,0.14012,-0.1929,-0.40223,0.58409,0.78514,0.79383,1.03047,-0.12488,0.82106,0.19256,-0.00944,0.10577,-0.06038,-0.08846,0.66609,-0.32348,-0.0767,-0.59031
R,A,304,3.53086,2.59372,3.93293,3.36548,3.21896,2.33489,8.59223,8.38083,5.43746,3.03749,3.48286,3.07617,7.32748,2.99379,2.84021,5.06527,4.52383,1.09923,-0.11163,6.65139,7.15058,5.98927,9.86873
M,A,305,0.07928,0.01365,0.65437,-0.00413,0.15113,-0.06262,0.09293,-0.3304,4.84814,-1.66593,-1.47265,0.78125,0.14616,-0.11181,-0.26143,0.02227,0.3621,-0.28695,-0.23126,0.67036,0.60213,0.82017,0.09903
I,A,306,0.83947,0.16849,0.61335,-0.13475,-0.0004,-0.28746,-0.65517,-0.54449,-0.08834,-0.42181,-0.4877,0.90722,-0.50384,0.11101,-0.4128,0.97005,0.0421,-0.22172,-1.31093,-0.01112,0.89737,1.04464,-0.78951
F,A,307,2.80722,1.39945,2.6313,-0.03669,3.26226,0.21341,0.00527,-0.26222,0.58251,1.30924,1.08551,1.84655,0.46439,1.71025,1.20479,3.18114,1.68293,1.04986,1.2543,1.92372,5.29015,9.02874,-0.74802
Y,A,308,2.77739,2.04724,2.04744,1.4105,1.51628,1.316,1.27242,-0.17567,1.6559,2.6598,2.46887,2.38379,-0.00037,2.32193,1.7836,3.60912,2.46541,1.73664,1.75728,2.00344,3.25132,3.30801,1.66981
E,A,309,0.44813,-0.19857,-0.06905,-0.84105,-0.49833,-0.33357,-0.4502,-0.65278,2.01195,-0.20734,-0.33903,0.2527,-0.43149,0.20012,-0.37795,0.66861,-0.0,-0.40955,-0.47,0.17666,0.93869,1.30067,-0.52755
M,A,310,2.5054,1.59387,1.26688,0.60753,0.6218,-0.03442,1.04202,0.49405,2.80029,2.22125,2.38555,1.50509,1.27027,1.86235,1.16613,2.37221,1.96918,0.63034,0.72247,1.78921,2.15572,2.00801,1.08972
A,A,311,1.85338,-0.0,3.94376,1.12636,3.97704,0.09518,4.73797,7.70494,7.4824,0.8073,4.29121,1.82137,4.37931,4.28221,3.98455,6.84776,5.95319,2.42763,1.7444,6.87711,7.58649,12.1442,6.09054
E,A,312,0.59019,-0.03688,0.21844,-0.54175,-0.56354,-0.5287,-1.07534,-1.32564,3.5597,0.01749,0.51181,0.72215,-0.81738,0.1137,-0.26931,0.48409,-0.00538,-0.28465,-0.35432,-0.20842,0.98359,0.7108,-1.54209
R,A,313,2.52301,1.4187,1.60328,0.38407,1.01588,0.34489,0.7591,0.58187,3.00034,1.61343,1.77725,2.0401,0.91254,1.88227,0.91412,2.01292,1.2889,0.97637,-0.02388,1.49157,1.79995,1.86224,0.62885
F,A,314,4.86235,2.85351,6.33175,0.02264,7.48699,0.8192,-0.00463,4.44513,7.53449,3.93502,4.29147,3.1502,0.08583,2.95705,3.96833,4.94968,4.67735,2.64564,3.12337,3.1117,8.47108,12.39476,1.05753
M,A,315,1.29409,0.40016,0.83363,-0.26426,0.08103,-0.00367,0.37341,0.0623,3.63007,0.63426,1.546,1.24032,0.39842,0.02177,0.43388,2.56109,2.28986,-0.0247,-0.08717,0.94359,2.58492,3.56097,1.33063
E,A,316,0.92431,-0.00108,0.28498,-0.25724,-0.22627,-0.3105,-0.73545,-0.64761,2.36969,-0.34384,0.86596,0.72909,-0.43339,0.5744,-0.26421,0.32463,-0.00086,-0.08897,-0.42542,0.4241,0.26951,0.57511,-0.33656
F,A,317,3.65144,2.13305,1.35255,0.0367,0.05586,0.27083,-0.00902,0.30194,4.42295,3.04839,2.71301,2.67809,0.38468,2.06457,1.62491,3.03944,2.53399,1.55671,1.46662,1.45086,3.78747,3.66134,0.51528
E,A,318,1.69773,0.46804,1.02766,-0.46058,0.4316,-0.15036,-1.07102,-0.43449,5.59142,0.70733,2.25468,0.91431,-0.22872,0.5192,-1.27068,0.44042,-0.03534,0.3123,0.27801,0.4791,1.04008,3.10506,-0.31692
A,A,319,0.70868,0.0,0.45187,-0.18291,-0.0482,-0.29829,-0.27327,-0.69282,2.91742,0.00138,0.57097,0.69993,-0.18612,-0.10978,-0.2076,1.13902,1.0843,-0.18123,-0.70419,-0.17079,1.25316,1.30467,0.23664
E,A,320,1.1418,0.0927,0.40747,-0.33126,-0.38235,-0.51255,-0.27907,-0.58476,4.26279,1.12429,0.83026,1.15571,-0.24862,0.82827,-0.62739,0.55492,-0.01094,0.05131,0.14517,0.49912,1.11295,1.41402,-0.9138
E,A,321,1.72355,0.71342,0.54109,-0.70145,-0.41122,-0.49929,-0.0965,-1.02997,4.77698,0.96317,1.43135,1.25947,0.32783,0.47259,0.29289,1.0221,-0.00341,0.17375,0.44973,-0.12407,1.51334,1.235,-1.62044
M,A,322,1.24666,0.327,0.55051,-0.19796,-0.05505,0.00131,-0.36283,-0.3408,2.78603,0.34083,0.73189,1.03788,-0.20966,-0.32042,0.07029,0.48549,-0.09093,-0.07483,-0.14073,0.18609,-0.11121,1.09773,0.26762
Q,A,323,0.87429,0.24006,1.09193,-0.12033,0.56914,0.02593,0.16108,-0.41266,3.37443,0.24734,0.65086,1.00971,0.0682,0.08582,-0.03976,1.01153,1.06669,-0.15468,-0.49051,0.35102,1.06757,1.07998,-0.07059
I,A,324,1.0528,0.3962,0.39537,-0.18364,-0.01471,0.13954,-0.02629,-0.03744,1.79281,0.57319,0.37522,0.55227,0.26678,0.47461,-0.19301,1.23002,0.74279,-0.17592,-0.10969,0.27138,1.4431,1.27319,0.0428
Q,A,325,1.47649,0.49793,0.27576,-0.37197,-0.32598,-0.52121,-0.12475,-0.69193,3.01326,1.12682,0.85729,1.11267,-0.79622,0.53804,-0.03702,0.88876,0.51216,0.0078,-0.03613,0.07318,0.77261,0.76058,-0.77262
N,A,326,1.09189,0.1976,0.51133,-0.53804,-0.25886,-0.60219,-0.46956,-0.7444,2.36976,0.52624,0.38955,0.74661,-0.48558,0.00616,-0.36758,0.50068,0.12886,-0.22023,-0.44361,0.19353,0.36129,0.25726,-0.86489
T,A,327,0.43651,-0.36901,0.31274,-1.05063,-0.29946,-0.8445,-0.90797,-0.84364,3.64118,-0.32871,-0.00253,0.10596,-0.75628,-0.59868,-0.71358,-0.63599,-1.01715,-0.58913,-0.89204,-0.01625,-1.18238,0.38834,-0.84894
Q,A,328,1.03505,0.22601,0.43188,-0.2368,-0.14301,-0.39941,-0.04153,-0.42758,2.91134,0.19676,0.9036,0.8557,-0.06257,0.13748,0.00015,0.62797,0.1675,-0.11494,-0.31538,0.40525,0.30957,0.42507,-0.26264
L,A,329,1.12322,0.32139,0.55608,0.01104,0.10335,-0.401,-0.07992,-0.2706,2.78593,0.2347,0.76638,0.89597,-0.01253,0.36032,0.22129,0.64591,0.3271,-0.40869,-0.07661,0.59155,0.57924,0.6517,-0.3046
M,A,330,0.95173,0.11532,0.87153,-0.02741,0.51549,-0.04106,-0.40731,-0.08318,3.48303,0.54453,0.87661,0.75221,-0.28872,0.09851,-0.07021,0.43163,0.11103,-0.46328,-1.51968,0.33969,0.2398,0.54354,-0.63826
N,A,331,0.67567,0.2112,0.68105,-0.55333,0.27893,-0.06011,-0.18483,-0.19893,3.59447,0.15201,0.14604,0.65213,-0.19157,-0.00325,-0.06402,0.32895,0.02397,-0.24273,-0.11087,0.18575,0.29296,0.5475,-0.49627
G,A,332,0.0,-0.76265,-0.05168,-0.95909,-0.23484,-0.88066,-0.208,-0.24857,2.91289,-0.97878,0.0675,-0.44823,-0.50396,-0.19463,-0.68085,-0.34561,-0.69796,-1.22582,-1.02157,0.00681,-0.57662,0.54465,-0.29574
S,A,333,0.16832,0.80524,0.59412,0.05687,0.24224,-0.14172,0.09414,0.18763,1.28015,3e-05,1.00833,0.50736,0.18565,-0.07346,-0.40919,0.64964,0.6041,0.09634,-0.5414,0.28054,0.60477,0.76621,-0.35697
Q,A,334,0.84012,0.50154,1.54588,0.32188,1.06559,0.32132,0.09928,-0.53303,-0.73964,0.32032,1.31125,0.47113,-0.14258,-0.11161,-0.00317,0.09762,0.88712,-0.55464,-0.69666,0.28682,0.62858,1.44686,-0.26136
G,A,335,0.0,0.07534,-0.22605,-0.2997,-0.05653,0.2399,-0.05567,0.14263,1.65235,-0.31457,-0.60658,-0.245,-0.04011,-0.67493,-0.31726,-0.04413,0.01308,-1.14746,-0.82854,-0.69135,-0.13588,-0.03479,-0.19923
L,A,336,0.13156,-0.03515,0.06582,0.00103,0.02648,0.00044,-0.02779,0.0509,1.99387,-0.81022,-0.38835,-0.12254,-0.03107,-0.4774,-0.57626,-0.9505,-0.78475,-0.64218,-1.14868,-0.50329,-0.74384,-0.00891,-0.29213
S,A,337,0.08453,-0.19387,-0.03601,-0.42892,-0.24913,-0.28493,-0.63475,-0.41985,-0.9925,0.0,-0.02908,-0.04027,-0.6948,-0.03913,-0.46611,-0.10558,-0.94643,-0.3445,-0.5322,-0.03246,-0.24043,-0.20583,-1.01327
P,A,338,0.17824,0.15192,0.3672,0.08129,0.39125,0.16283,0.01128,-0.05568,-0.00012,0.43271,0.27517,0.44729,0.01154,0.04376,-0.09218,-0.08008,-0.42287,0.11113,0.32765,0.25507,0.53505,0.44665,-0.3112
A,A,339,0.28285,0.0,-0.24911,-0.44008,-0.5345,-0.29381,-0.43378,-0.54615,0.18189,-0.01752,-0.67474,-0.33865,-0.48934,-0.69935,-0.65315,-0.41392,-0.62156,-0.73289,-0.89678,-0.2224,-0.54461,-0.35943,-0.72506
T,A,340,0.25253,-0.98115,0.06458,-0.32728,0.00325,-0.15826,-0.06351,-0.04419,2.8736,-0.26673,-0.11723,0.24249,-0.16686,-0.19737,-0.63351,-0.03856,-0.54984,-0.29977,-0.68797,-0.15218,0.01768,-0.269,-0.58867
P,A,341,1.13419,0.91321,1.01245,0.86037,1.08726,0.96943,0.82954,0.96659,-0.00041,1.0009,0.94162,1.0025,0.83483,0.98893,0.53054,0.69006,0.17269,0.66989,0.64971,0.88472,0.57938,0.93863,0.81611
L,A,342,0.49191,0.4046,0.31418,0.00375,0.17156,0.25241,-0.15227,-0.00152,0.05416,0.53681,0.24676,0.26621,-0.12247,-0.11073,-0.1791,-0.48346,-0.32282,-0.37253,-0.29423,0.06836,-0.14436,0.29129,-0.56685
K,A,343,0.46773,0.35288,0.46731,0.08244,0.39025,0.28858,0.32077,0.05367,-0.15744,0.51003,0.42716,0.4465,0.23971,0.28337,0.17835,0.56749,0.02083,-0.01342,-0.45144,0.5445,0.6745,0.61523,-0.1625
L,A,344,0.2864,0.12886,-0.06457,0.00094,0.0578,0.14079,-0.00432,0.0206,0.77676,-0.06648,-0.18546,-0.01759,0.02777,-0.3468,-0.6061,-0.6442,-0.48662,-0.61458,-0.69577,-0.36853,-0.23587,-0.03522,-0.09819
D,A,345,0.38,0.15571,0.36435,-0.12838,0.19686,-0.04657,-0.02987,-0.11928,-0.98113,0.33022,0.41264,0.34231,-0.0752,0.24897,-0.19262,-0.00405,-0.53072,-0.16688,-0.28237,0.2401,-0.28314,-0.16122,-0.64445
P,A,346,0.44246,0.27788,0.50056,0.20751,0.38345,-0.54448,0.1899,-0.69774,-0.00022,0.42374,0.38836,-0.2141,0.36065,-0.04929,-0.11113,0.4818,-0.03203,0.07094,-0.23123,-0.42123,0.41167,0.36814,0.06237
L,A,347,0.26116,0.00023,0.05098,0.0,0.05502,0.05545,0.02027,-0.32816,-0.34829,-0.07308,-0.04366,-0.06523,0.04744,-0.37037,-0.40183,-0.81092,-0.64574,-0.39893,-0.40554,-0.2417,-0.40588,-0.154,-0.13814
G,A,348,0.0,0.23774,0.59973,0.26216,0.66396,0.27011,0.24827,0.40039,-0.6416,0.10459,0.50227,0.43165,0.24677,0.22916,-0.02836,0.25658,-0.28033,0.01385,-0.11244,0.36002,0.03382,0.51204,-0.11293
P,A,349,0.37949,0.35629,0.55575,0.23662,0.46389,0.37743,0.34242,0.44812,-0.00071,0.28142,0.46161,0.49969,0.41107,0.33093,-0.06719,0.45035,-0.20322,0.23135,-0.06456,0.49794,0.38439,0.56993,0.23888
L,A,350,0.42329,0.15407,0.00698,4e-05,-0.00645,0.00272,0.02437,-8e-05,-0.16835,-0.08052,-0.40673,-0.06434,0.01053,-0.3435,-0.573,-0.50986,-0.52452,-0.69763,-0.41911,-0.34742,-0.48082,-0.02056,-0.05041
A,A,351,0.17937,0.0,0.09167,-0.02082,0.14155,0.09306,-0.0974,0.08872,-0.56388,-0.4246,0.03146,0.16361,-0.11054,-0.12262,-0.19213,0.06731,-0.44398,-0.0986,-0.6231,0.04677,0.16324,0.18787,-0.15937
S,A,352,-3.075,0.26756,1.97903,-0.17253,1.90624,-0.31016,-0.10382,-0.5136,5.07197,0.00012,0.92973,-0.08778,-0.12715,-0.11897,-0.54099,-1.75544,-0.3586,-0.27593,-0.50014,-0.18937,-0.09451,0.46253,-0.46922
E,A,353,2.27019,0.5431,0.10414,-0.14461,0.05376,-0.10454,-0.38751,-0.45128,1.74763,-0.04595,-0.34059,-0.01581,-0.37435,-0.62335,-0.43544,-0.10334,-0.00636,-0.48369,-0.64277,0.01141,0.25065,0.05077,-0.86165
V,A,354,0.07483,-1.46756,-0.00408,-0.21084,-0.08029,-0.20134,-0.51341,-0.49229,0.51953,0.21939,-1.34467,0.03039,-0.47696,-1.67123,-0.1261,-1.55543,-0.01579,-0.52468,-0.78862,-0.05604,0.06194,-1.21775,-0.39253
C,A,355,-0.06355,0.15312,-0.00617,-0.09663,-0.16383,-0.19697,-0.32707,-0.06656,1.27266,0.09967,-0.08437,0.00191,-0.29069,-0.28992,-0.35796,-0.32248,-0.09763,-0.58025,-0.44312,-0.15617,0.07202,0.00014,-0.6589
Q,A,356,0.05536,0.12899,-0.0649,-0.25986,-0.28416,0.04732,-0.53518,-0.2488,-0.3665,0.22284,-0.11935,-0.03822,-0.52014,-0.15813,-0.00255,-0.24416,-0.12201,-0.3413,-0.53234,-0.21114,-0.06423,-0.12053,-0.64592
Q,A,357,0.5486,0.44082,0.36207,0.18208,0.2102,0.14633,-0.09611,0.17896,0.58901,0.25871,0.17956,0.24683,0.02043,0.022,-0.00216,0.20048,0.20202,0.00523,-0.17936,0.49865,0.413,0.30157,-0.44653
P,A,358,0.20096,0.38012,0.33351,0.20382,0.26873,0.26685,0.22981,0.24034,6e-05,0.47661,0.22724,0.4029,0.22955,0.01715,0.03478,-0.11106,-0.41621,0.17522,0.30748,0.28796,0.5613,0.39123,-0.13017
V,A,359,0.4268,0.39054,-0.00186,-0.19099,-0.17327,0.08005,-0.18759,-0.00333,-0.10939,0.25132,-0.07941,0.02009,-0.27961,-0.45612,-0.15767,-0.11922,-0.31591,-0.47548,-0.72684,-0.3994,0.21102,-0.18782,-0.41423
Y,A,360,0.17537,0.3676,0.35365,0.15423,0.42359,0.38242,-0.08501,0.25594,0.04737,0.48574,0.24046,0.42963,0.0003,-0.01906,0.55956,-0.20889,0.01777,0.18267,0.19396,0.36322,0.41966,0.4261,-0.4356
I,A,361,0.42449,0.32872,0.47063,0.13189,-0.00036,0.25182,-0.00093,0.09367,0.8471,0.6222,0.464,0.47881,0.07581,0.30109,0.29355,0.05205,0.18453,0.16428,0.2042,0.35831,0.2907,0.06919,-0.43616
P,A,362,0.78817,0.61801,0.87928,0.59688,0.89281,0.49775,0.76745,0.8206,-0.00309,0.95828,0.79303,1.03272,0.77609,0.47744,0.61554,0.02954,0.30145,0.44307,0.57271,0.79264,0.46054,0.44657,0.4159
K,A,363,0.80668,0.6907,0.49628,0.27897,0.31291,0.16774,-0.24734,-0.19478,0.29853,0.88625,0.52067,0.33567,-0.17429,-0.11163,0.11427,0.05399,0.10922,-0.00172,-0.29519,0.08895,0.68176,0.43512,-0.67692
K,A,364,0.32456,0.23363,0.25876,0.15258,0.33172,0.2749,-0.03123,0.09221,-0.09489,0.37404,0.15433,0.24032,0.02908,0.17556,0.1178,-0.11514,-0.12216,-0.02098,0.11522,0.42087,0.43528,0.34867,-0.40936
A,A,365,-0.04503,0.0,-0.27719,-0.16619,-0.24566,-0.15555,-0.40241,-0.23187,2.61587,-0.16355,-0.37759,-0.17173,-0.42101,-0.04046,-0.42523,-0.05882,-0.33034,-0.36901,-0.56897,-0.07047,-0.33318,-0.43158,-1.12524
A,A,366,0.13843,0.0,-0.14139,-0.19911,-0.29174,-0.18786,-0.09937,0.0185,0.17165,-0.18605,-0.19911,-0.03202,-0.12299,-0.11472,-0.16636,-1.34545,-1.24134,-0.17193,-0.10037,0.02304,-1.617,-0.53343,-1.02659
S,A,367,-0.17628,-1.43117,0.20357,-0.27206,0.02316,-0.48067,-0.55775,-0.40591,3.08009,-0.00112,0.18227,-0.18014,-0.44647,-0.26245,-0.68493,-0.41391,-0.83218,-0.35413,-0.39769,-0.27029,-0.48644,-0.56704,-1.35526
K,A,368,-1.83363,0.7735,1.21501,0.44624,1.05425,0.39123,0.34387,0.61202,3.06385,0.53451,1.23287,0.5503,0.418,0.03389,0.07394,0.37029,0.14504,-0.09589,-0.43219,0.19032,0.13072,0.63867,-0.24755
T,A,369,1.45593,1.49618,1.57424,1.28621,1.32296,0.98435,1.12382,1.02764,0.72809,1.56677,4e-05,1.39901,1.13801,1.40529,0.61728,1.11123,0.38575,1.22257,1.30809,1.27369,0.92463,-0.63921,0.87619
R,A,370,0.81731,0.48504,0.9364,0.37052,0.78821,0.44306,0.59007,0.69102,2.77467,-0.27802,-0.05271,0.3693,0.35501,-0.01996,0.23881,0.27586,0.17942,0.42619,-0.00851,0.48414,0.31814,0.37797,-0.13086
A,A,371,0.22169,0.0,0.7609,0.26451,0.07055,0.23261,0.27924,0.25345,-0.72632,0.29329,0.78652,0.41264,0.28129,0.35843,0.0699,-0.13967,-0.19606,0.29746,0.30319,0.37558,-0.23232,0.42617,-0.19508
P,A,372,1.89889,0.25939,0.31012,0.41267,0.41682,0.31302,1.94332,0.21293,9e-05,2.05764,0.25304,1.94759,1.94467,0.38726,0.11738,-0.03133,1.43397,0.28013,0.22311,1.98437,1.81756,0.20874,1.37931
R,A,373,0.22531,0.13908,0.41116,-0.0477,0.22686,0.13461,-0.33356,0.03536,-0.41129,0.2189,0.29119,0.24085,-0.74219,-0.11734,-0.35631,-0.74905,-0.47244,0.15448,-0.03001,-0.27693,-0.09708,0.09443,-1.02742
R,A,374,-0.02331,-0.08758,0.17093,-0.11611,0.47267,0.06712,-0.09779,-0.08494,-1.16225,0.19719,0.06221,-0.17143,-0.18182,-0.3957,-0.39078,-0.85709,-0.92113,-0.06927,-0.00166,-0.23222,-0.67442,-0.179,-0.83787
R,A,375,0.85028,0.58738,1.37839,0.54651,1.22939,0.47672,0.8139,0.05838,0.39669,1.01017,1.2979,0.99638,0.22198,0.72288,0.55765,0.0091,0.22656,0.71295,-0.02561,1.13069,0.48255,0.72375,-0.1095
Q,A,376,1.05496,-0.11653,0.07971,0.22164,0.20414,0.16438,1.14074,-0.61656,0.76334,1.42791,-0.07677,1.41615,1.31167,0.14054,0.00127,-0.55239,1.06997,0.10666,0.06967,1.34754,0.89394,-0.44906,0.16701
R,A,377,1.69221,0.48605,0.77417,0.72799,0.90105,0.6187,1.87228,0.19414,0.79091,0.76947,0.52132,0.63839,1.58891,0.67342,0.52672,-0.00636,1.42753,0.64101,-0.01409,2.0425,0.24901,0.39039,1.24902
K,A,378,0.51326,0.30355,0.69059,0.43787,0.64447,0.64599,0.30136,0.4403,-0.09681,0.53262,0.54976,0.46258,0.29321,0.23626,0.18185,0.07348,-0.05169,-0.02128,0.15813,0.43997,-0.21045,0.35284,-0.24334
A,A,379,-0.08699,0.0,-0.13875,-1.06065,-0.05536,-0.82483,-0.56195,-0.3595,-0.44157,0.05108,-0.17366,-0.29917,-0.1944,-0.48648,-0.58311,-0.74153,-0.65073,-0.61976,-0.4291,-0.00478,-0.51002,-0.71578,-0.60532
Q,A,380,0.1772,0.03731,0.01821,-0.16445,0.16951,-0.08724,-0.07287,-0.74243,-0.23481,0.09769,-0.06889,0.12596,-0.06663,-0.01251,-0.00035,-0.39119,-0.21307,-0.01083,0.14167,0.22642,-0.35595,-0.34368,-0.78336
R,A,381,0.93382,1.00496,1.03354,0.27554,1.16445,0.34751,0.20561,-0.03047,0.40554,1.0582,0.9407,0.66566,0.3294,-0.05984,-0.00827,0.4476,0.71243,0.43827,-0.0436,0.18872,0.70532,0.96358,-0.24093
P,A,382,1.23461,1.02876,1.18182,1.13323,1.12109,0.73112,1.0727,1.22835,0.0005,0.84648,0.97249,1.21457,1.15209,1.09164,0.83855,1.00384,0.54652,0.8557,0.92603,1.34172,0.97749,1.06046,0.50044
P,A,383,1.48843,1.13406,1.35217,1.26835,1.33571,1.53654,1.3146,1.31825,-0.00068,1.32109,1.29885,1.45432,1.31495,1.01135,0.98177,0.75335,0.78104,1.16516,0.78077,1.16174,0.56909,1.37719,1.18672
A,A,384,0.12494,0.0,0.13308,-0.20041,0.01911,-0.4157,-0.61597,-0.99507,-0.95429,0.13781,0.076,0.20399,-0.69605,0.15377,0.09013,-0.06456,-0.31743,-0.04809,-0.31999,0.06894,-0.20811,-0.11054,-0.48824
P,A,385,0.98912,0.7558,0.90632,0.65172,1.0631,0.57679,0.22908,0.35914,-0.00074,0.71041,0.80082,0.7168,0.16995,0.88826,0.79415,0.70645,0.68436,0.52918,0.51205,0.56324,0.6418,1.06809,-0.4584
E,A,386,0.86354,0.62066,0.86234,0.66065,0.73842,0.92054,0.42481,0.49519,-0.14615,0.28714,0.51897,0.68532,0.59727,0.36353,0.31054,-0.26357,-0.00631,0.55523,0.69438,0.24075,0.07712,0.62372,0.34623
A,A,387,0.13393,0.0,0.22228,0.08213,0.08438,0.19026,-0.19714,-0.12927,-0.98268,0.0905,0.1476,0.24691,-0.15243,-0.06379,-0.13266,0.15113,0.08304,-0.1177,-0.08248,-0.06984,0.17474,0.31239,-0.15189
P,A,388,0.67341,0.45615,0.73848,0.44616,0.66785,0.78363,0.48988,0.56475,-0.00027,0.67752,0.64433,0.5519,0.4661,0.41204,-0.00904,0.44331,-0.21242,0.36163,0.51794,0.50594,0.75528,0.81919,0.39255
K,A,389,0.21814,0.46309,0.64753,0.05528,0.69034,-0.08989,-0.58526,-0.32112,-0.69603,0.35416,0.49436,0.23266,-0.33072,-0.34628,-0.13377,0.26653,0.64842,0.00284,-0.24309,0.13268,0.70785,0.90079,-0.37873
E,A,390,0.54447,0.35763,0.69055,0.35625,0.67836,0.22205,0.00758,0.07561,-0.29164,0.54172,0.53565,0.62841,0.1151,0.45058,0.13203,0.23438,-0.00903,0.28969,0.06881,0.14513,0.21682,0.7634,-0.28596
I,A,391,1.46848,0.80518,0.01062,-0.48202,-0.22678,-0.42618,-0.60609,-1.12583,0.17216,1.07702,0.19945,0.56212,0.06346,0.77227,0.4513,0.83094,0.35803,-0.23207,-0.13323,0.53394,0.61915,-0.22416,0.26535
P,A,392,1.71772,1.47369,1.50181,0.75377,1.18732,1.15881,1.60326,1.62679,-0.00462,0.77408,1.47999,1.67562,1.63418,0.90993,1.25649,1.47362,0.91696,0.85546,0.86791,2.00848,2.0224,2.44774,1.15635
P,A,393,2.09092,1.70011,2.23688,1.28488,1.16523,1.41528,1.60106,0.5768,-0.00251,1.91069,2.20558,2.30426,1.63129,1.95123,1.2797,2.02439,1.38199,1.22926,1.2129,2.11576,1.8568,2.42049,1.05078
E,A,394,1.49948,0.81128,0.66459,-0.00272,0.19276,0.22791,1.0046,0.65683,-0.27,1.15731,0.76945,1.01698,0.72953,1.01925,-0.19851,1.09739,-0.13375,0.05537,0.19532,1.14283,0.65698,0.624,0.5541
A,A,395,0.93664,-0.0,-0.1146,-1.22665,-0.49691,-0.85672,-0.63966,-0.6262,0.85007,0.56265,0.33616,0.24041,-0.61896,0.1886,-0.70619,0.28131,-0.34138,-1.01168,-0.90006,-0.09487,0.10548,-0.1185,-0.55842
V,A,396,1.19527,0.35032,4e-05,-0.46504,-0.61931,-0.43947,-0.15933,-0.59939,-0.13317,0.6331,-0.06754,0.79604,-0.05321,0.78524,0.19099,0.67721,0.35309,-0.2811,-0.4801,0.41744,0.49251,0.8392,-0.58325
K,A,397,1.17202,0.34612,1.32559,0.0633,0.73247,-0.07734,0.2402,-0.3944,3.85982,0.40206,0.96534,1.17644,0.4851,0.54107,0.09856,1.1696,0.90416,-0.03804,-0.17056,0.65696,1.14806,1.26099,0.50138
E,A,398,0.74679,0.01441,0.32751,-0.31397,-0.1528,-0.46895,-0.45035,-0.73226,3.0109,-0.09667,0.55332,0.66647,-0.35899,-0.13416,-0.54151,0.58793,-0.00231,-0.36538,-0.52579,0.23601,0.35271,0.27762,-0.78537
Y,A,399,1.33593,0.66485,0.86589,-0.03489,0.24405,-0.05481,-0.1275,-0.41118,2.80728,0.56267,1.2501,1.27783,-0.00987,0.53328,0.12896,1.17616,0.81866,0.20183,-0.13719,0.68645,1.04412,0.94557,-0.27686
V,A,400,1.07426,-0.01749,-0.00016,-0.78303,-0.701,-0.59724,-0.56124,-0.58398,2.88999,0.24344,0.58928,0.66094,-0.46973,-0.16906,-0.32294,0.57371,0.0967,-0.45458,-0.38587,-0.21791,0.32078,0.3183,-1.29944
D,A,401,0.83126,-0.33173,-0.11481,-0.64313,-0.56365,-0.92966,-0.68681,-0.85308,3.88527,-0.19495,0.02546,0.5809,-0.56673,0.20581,-0.51589,0.00115,-0.38531,-0.51866,-0.51148,0.15731,-0.04042,1.06002,-0.86811
I,A,402,2.60849,1.31433,0.65473,0.50363,-0.0034,0.37213,0.83096,0.68542,3.65936,1.59329,1.6405,1.74224,0.96446,1.05913,0.90884,1.73022,0.77714,0.50042,0.51424,1.0227,1.3149,1.26572,0.48461
M,A,403,1.94753,0.8894,0.98098,-0.05783,0.21093,3e-05,0.2338,-0.5045,4.38081,1.12115,1.63499,1.25806,0.26363,0.69186,0.42105,1.40626,0.67544,0.48776,0.62251,0.97667,0.85357,1.2098,-0.01622
E,A,404,0.85787,0.02714,0.45846,-0.61866,-0.07671,-0.51589,-0.4,-0.85811,4.10992,0.09117,0.18862,0.46068,-0.40544,-0.19143,-0.26827,0.45156,-0.00965,-0.35896,-0.32231,0.0985,0.16098,0.25458,-0.78172
W,A,405,2.75298,1.89345,2.37877,1.28484,1.69081,0.89483,1.04406,-0.0,5.55125,2.27932,2.34935,2.7968,1.05986,1.72054,1.54034,2.44188,1.92798,1.4029,1.3929,2.23593,2.53688,2.33886,0.7437
L,A,406,3.10014,1.81588,1.97035,0.00206,1.0696,0.43134,0.90597,1.42053,5.23629,2.01872,2.6344,2.10102,0.96134,1.8992,1.09078,1.712,1.02648,0.73218,0.92818,2.10731,1.30207,2.43427,1.62616
V,A,407,0.31612,0.02934,0.00038,-0.45254,0.04156,-0.34249,-0.54951,-0.74454,2.29249,-0.06922,-0.06001,-0.39254,-0.49671,-0.25508,-0.57883,0.03643,-0.04088,-0.76138,-0.7076,-0.38052,-0.2406,0.07686,-0.84731
G,A,408,0.0,0.29521,1.37615,-0.29895,1.12822,0.56598,0.36646,0.28134,5.99932,0.39351,1.37207,0.23798,-0.26496,-0.34264,0.1693,0.55948,0.49905,-0.00793,0.04318,0.62177,0.63158,1.94094,0.35819
T,A,409,-0.57738,-0.23945,0.79585,-0.84793,-0.81626,-0.35029,-0.27557,-0.95068,0.82393,0.123,0.00982,0.24356,-0.27612,-0.42672,-0.60169,-0.63008,-0.80894,-0.57162,-0.707,-0.12777,-1.47173,0.29546,-0.80826
H,A,410,0.25411,0.25351,0.4875,-0.00318,-0.01137,-0.05032,-0.169,1.53207,2.12071,0.02636,0.60154,1.91482,-0.07112,-0.54615,-0.49273,-0.01995,-0.09805,-0.6935,-1.26474,0.00267,-0.00061,0.37877,-0.53915
L,A,411,-0.0198,-0.25231,0.37546,-0.00531,0.16719,0.09575,-0.13448,-0.34276,1.90768,0.06377,0.22899,-0.12693,-0.10781,-0.3036,-0.42989,-0.06539,0.04098,-0.38214,-0.74423,-0.21817,0.13452,0.44387,-0.70323
A,A,412,1.70853,0.0,0.4083,-0.04281,2.17427,-0.1659,-0.04444,1.42429,1.90183,0.25313,0.24103,0.04855,-0.06122,-0.29887,-0.48264,-0.10863,0.06938,-0.60278,-0.76452,-0.44845,0.43932,0.59142,-0.33784
T,A,413,0.35357,0.18237,0.12127,0.0678,0.12477,0.1494,-0.02173,0.07985,0.00628,0.26507,-3e-05,0.10427,-0.03881,-0.22542,-0.30147,-0.41732,-0.4554,-0.40694,-0.31258,-0.07011,-0.31272,0.28611,-0.49069
G,A,414,0.0,0.22389,0.6139,0.47259,0.62648,0.39223,0.19551,0.31147,-0.15105,0.12423,0.53937,0.46376,0.15242,0.2537,0.04137,0.34749,-0.17653,-0.10902,-0.23818,0.29698,0.38694,0.85744,0.27352
E,A,415,0.02974,0.22461,-0.78282,0.3114,1.02351,-1.73995,-1.59773,0.28082,1.62851,-2.2395,-2.03052,0.09342,-1.58929,-1.93544,-1.99978,-1.5201,-0.00619,-2.24467,-1.99329,-1.60757,-1.70027,-0.66021,-1.67707
S,A,416,0.08735,0.22532,2.5539,0.08084,2.6982,0.15625,0.10287,0.26548,4.64684,8e-05,2.3543,-0.01174,0.05653,0.03272,1.34294,0.22107,2.10901,-0.11287,0.05388,0.19921,0.34781,2.55436,-0.02116
D,A,417,0.88861,0.80144,0.86633,0.7511,0.83571,0.8971,0.86596,0.78356,0.51826,0.60335,0.82655,0.80751,0.91082,0.4296,0.47674,-0.00635,0.22975,0.8182,0.70146,0.56225,0.53258,0.99002,0.50165
G,A,418,0.0,1.51094,2.66227,1.8348,2.62976,1.69901,1.76878,1.69888,5.51819,1.64918,2.61309,1.58055,1.7745,1.70778,1.57705,1.79067,1.84864,1.63198,1.45457,1.84824,2.06252,2.92976,1.87976
K,A,419,2.33053,2.31062,2.23404,2.03028,2.05042,1.97056,1.96986,1.95554,-0.12272,2.0363,2.27876,2.10358,2.10133,1.79963,1.74043,2.40945,1.77952,-0.00113,1.55298,2.14466,2.00393,2.39598,2.23594
Q,A,420,-1.82399,0.40317,2.31622,-0.08016,1.80756,0.14352,-0.36065,-0.31207,5.67812,0.64704,1.67048,0.15464,-0.36147,0.20816,-0.08393,-0.98094,0.38392,-0.36964,-0.5234,0.19604,0.47882,0.59847,-0.17789
E,A,421,-1.73053,0.34523,-1.03798,0.02741,0.50265,-1.91655,-2.1316,-0.34045,1.95607,-1.7873,-1.94059,-0.0651,-2.13469,-1.83592,-0.13483,-1.38996,-0.00298,-2.44805,-2.41579,-2.11411,-1.39652,-0.9453,-2.09809
E,A,422,0.69744,0.63726,1.02455,0.68277,1.08841,0.68691,0.26155,0.19195,-0.45006,0.2303,0.53129,0.64254,0.2876,0.27746,0.37864,-0.12455,-0.01716,0.28731,0.22833,0.38204,0.64447,1.11036,0.50123
E,A,423,-1.79874,0.0998,1.62429,-0.08551,1.49137,-0.10287,-0.34178,-0.2629,4.2072,-1.71806,1.20753,-0.06514,-0.29889,-2.18368,-1.88731,0.01704,-0.00863,-0.27046,-0.3379,-1.9558,-1.45005,0.21222,-0.39295
G,A,424,0.0,0.82183,0.47752,0.20945,0.2099,0.12736,0.25321,0.37024,1.07451,0.58588,0.49947,0.54718,0.32726,0.42394,0.11977,0.75353,0.70269,-1.53761,-0.24043,0.37689,0.74621,1.05667,0.3197
Q,A,425,2.24243,0.49125,0.26326,-0.0498,0.1369,-0.04504,-0.45209,-0.97154,1.75272,0.16143,0.1874,0.05679,-0.29804,0.06802,-0.00152,0.34842,0.21586,-0.53037,-0.88876,0.0886,0.70561,0.34098,0.06782
Q,A,426,0.28257,0.51166,0.69534,0.74274,0.93354,0.36365,0.18589,0.44312,1.90299,0.4433,0.56562,0.59955,0.02482,0.29702,-0.01369,0.82044,0.94707,0.07632,-0.36896,0.37304,0.94996,1.18701,0.85084
Q,A,427,0.20877,0.30906,0.68474,0.36173,0.92862,0.45993,0.12718,1.86995,2.62716,0.5509,0.6046,2.09952,0.13964,0.12489,-0.0112,-0.23331,0.05888,-0.13152,-0.23132,0.08882,0.66953,0.98867,0.56426
E,A,428,-2.00239,-1.74854,0.81506,-1.60514,0.77565,-0.15528,-1.95866,-0.24377,0.77444,-1.75343,0.69077,-0.12142,-1.8665,-1.94367,-1.69107,-1.67933,-0.0021,-0.18716,-0.36073,-1.67833,-1.51269,0.3872,-1.74675
E,A,429,0.20081,0.33274,0.39724,0.18439,0.56573,2.14533,0.12882,0.11599,2.40484,0.06668,0.29904,-0.12027,0.11963,-0.50271,-0.49311,0.14288,-0.00038,-0.66985,-0.79788,0.06767,0.24661,0.52957,0.0441
E,A,430,0.06498,1.8477,0.42282,-0.03156,2.14495,1.75247,-0.02817,1.62286,2.52316,0.11701,0.22534,1.84048,-0.043,-0.02979,-0.27231,0.03973,-0.00193,-0.03183,-0.36881,0.06589,0.4049,0.6875,-0.49801
G,A,431,0.0,0.14692,0.25257,0.09288,-0.03592,0.12119,-0.58658,1.63125,3.37973,0.00842,0.4012,0.23356,-0.19087,-0.39469,-0.3314,-0.00881,0.05627,-0.40185,-0.93095,-0.01348,0.25871,0.9075,-0.21525
M,A,432,0.01625,0.13859,0.26171,0.25579,0.45292,-0.00072,0.18269,0.19777,2.6722,-0.1353,0.156,0.16662,0.16587,-0.66696,-0.38664,0.09974,0.1344,-0.63034,-0.76845,0.01315,0.07596,0.53465,0.17617
Y,A,433,2.03039,1.84736,1.36288,0.6051,1.1752,0.44933,-0.18123,0.47497,2.28457,1.56914,1.35844,1.09668,-0.01342,0.82069,0.62379,1.541,1.30211,0.64904,0.52814,0.47231,1.63043,1.38563,-0.59235
P,A,434,1.80554,1.18369,1.17587,0.85018,1.03946,0.97593,0.65779,0.41166,0.00136,1.56951,2.09876,1.78673,1.00952,1.63202,1.36968,1.55157,1.01567,1.07325,1.01842,1.34143,1.40556,1.88722,0.82153
D,A,435,3.71224,3.60341,3.83038,3.32646,3.42645,3.53282,2.3386,2.89533,1.605,2.34608,3.35605,3.56895,2.56517,0.95451,2.91113,-0.06413,2.4195,3.35543,3.64124,3.18646,1.09501,3.30335,2.69083
P,A,436,2.21866,1.61762,1.93292,1.31884,1.65705,1.17647,1.82024,1.66963,-0.0042,2.02477,1.96724,2.19126,1.8706,1.94212,1.20489,1.81772,0.98634,1.16676,1.29381,2.17467,1.50177,1.94131,1.58945
G,A,437,0.0,0.26898,0.71591,0.39833,0.58527,0.20716,0.20956,-0.17804,1.61537,0.37425,0.39482,0.8089,0.16211,0.00647,-0.09384,1.07223,0.75349,0.03185,-0.53141,0.35241,1.28967,1.28132,-0.15881
L,A,438,2.20584,1.26866,1.34844,-0.02753,0.85171,-0.45482,-0.54183,-1.15194,2.22438,1.27006,1.5027,1.65906,-0.40392,1.51924,0.30529,1.57848,0.82925,0.25012,0.51613,0.87739,1.35633,1.49545,-0.95292
L,A,439,2.9788,2.00169,1.14331,-0.004,0.19153,0.43381,1.42714,1.31311,5.11651,2.373,2.26818,1.7789,1.19355,1.73771,1.34361,2.40189,1.43293,0.88213,1.01517,2.20329,1.5396,3.05964,1.23467
S,A,440,0.79406,0.15286,0.97643,0.05029,0.6694,0.08613,0.3237,0.05031,3.021,-1e-05,0.44248,0.86727,0.3243,0.05247,-0.04756,0.53139,0.30541,-0.0829,-0.47424,0.37397,0.41112,0.97181,-0.03392
Y,A,441,2.23942,1.29181,1.2827,0.35346,0.89152,-0.09959,-0.08655,-0.61991,5.20366,1.33723,1.79502,1.83037,0.00113,1.69738,0.70721,1.93793,1.23542,0.50252,0.72272,1.20726,1.6375,1.63107,-0.39901
I,A,442,2.01778,1.03418,0.8336,-0.25877,0.0046,-0.23643,-0.35742,-0.3048,4.25797,1.4948,1.15666,1.41473,-0.29557,0.63657,0.86109,1.37067,0.81693,0.24617,0.44015,0.5364,1.02363,1.01,-0.70046
N,A,443,0.82083,0.12102,0.67108,-0.19198,0.23106,-0.23399,-0.22215,-0.45204,3.25938,-0.01136,0.69214,0.76636,-0.1751,0.00088,-0.07004,0.48397,0.23447,-0.0616,-0.50967,0.28826,0.35438,0.48038,-0.64608
E,A,444,1.1548,0.25984,0.74309,-0.19448,0.20722,-0.36379,-0.11631,-0.03444,2.92996,0.18533,0.75171,1.00224,-0.20015,0.24261,0.16616,0.51835,-0.00196,-0.264,-0.30589,0.57238,0.41442,0.63453,-0.62975
L,A,445,3.07093,1.73672,3.07827,-0.01828,1.87736,0.67392,0.75555,1.80815,5.71649,2.08508,2.11594,2.32567,0.4314,2.06596,1.43869,2.63709,1.92155,1.13722,0.95829,2.3606,2.88099,4.39519,1.14258
C,A,446,0.23972,-0.55234,-0.23339,-1.44247,-0.71041,-1.14711,-0.82823,-1.50262,2.21185,-0.46479,0.09175,8e-05,-0.89063,-0.88608,-1.10866,-0.27013,-0.74075,-1.49216,-1.55688,-0.43483,-0.51991,-0.15506,-1.46066
S,A,447,1.15281,0.49502,2.03656,0.5382,1.65662,0.7324,0.70854,0.62142,3.58493,-2e-05,1.41025,0.90132,0.68549,0.42187,0.52038,0.87204,0.58896,0.23467,-0.60032,0.80079,0.62068,2.11717,0.30229
Q,A,448,0.50189,-0.03837,-0.42888,-0.82145,-1.02759,-0.39583,-0.90364,-0.92565,1.61813,-0.02778,-0.30158,0.17079,-0.71005,-0.84859,-0.0,-1.68533,-1.07604,-0.41465,-0.58644,-0.15386,-0.72176,-0.18579,-1.21228
K,A,449,1.20251,0.5162,0.64904,0.3812,0.37578,0.40341,0.19434,0.2754,-1.24497,0.8858,0.85284,1.13918,0.26323,1.17083,0.54062,0.95743,-0.05617,-0.02513,-0.52247,1.08291,0.79101,0.72092,-0.33277
V,A,450,0.16737,-0.37177,4e-05,-0.22885,-0.09665,-0.17666,0.15004,-0.09624,-0.62937,0.00896,0.02339,0.25273,0.17298,0.06401,-0.64796,-0.0957,-0.19064,-0.30867,-0.34469,0.56289,-0.05872,-0.09613,-0.46139
F,A,451,3.27167,1.9842,1.12888,0.26741,0.60004,0.11077,0.00071,-1.20429,3.02952,3.00368,2.19196,2.56743,-0.12247,2.17243,1.25858,2.62855,1.78279,1.33141,1.38492,1.46761,3.07904,3.40399,-0.52129
V,A,452,1.14036,0.38262,-0.0001,-0.2184,-0.55588,-0.25884,0.07059,-0.64336,3.54116,0.83251,0.11492,0.9113,0.15576,0.51875,-0.43385,0.85619,0.27929,-0.73969,-0.76022,0.52068,0.93112,1.26379,0.13065
S,A,453,0.79366,0.27245,0.23571,-0.73482,-0.80833,-0.27122,-0.69881,-0.32039,3.10716,-0.00124,-0.1764,0.82853,-0.37635,0.35749,-0.09305,0.5296,0.09187,-0.3818,-0.4926,0.66661,0.27328,0.09106,0.01531
K,A,454,0.86262,0.16779,1.09679,-0.13896,0.92598,-0.24556,0.45174,-0.10296,2.06187,0.00527,0.40409,0.67311,0.36688,0.10494,-0.25882,0.15575,0.04387,-0.02716,0.0951,0.35146,0.26271,1.05034,-0.07348
V,A,455,1.44046,0.23621,-0.00247,-0.60731,-0.76725,-0.59647,-0.6668,-0.40745,2.96872,0.2742,-0.22339,0.88343,-0.90526,-0.40779,-0.31273,0.58621,-0.14092,-0.09674,-0.15442,0.40098,0.26513,0.26594,-0.61736
E,A,456,0.91436,0.12793,0.23228,-1.08471,-0.78293,-1.31505,-1.08727,-1.92169,4.25886,0.58624,1.07477,0.70493,-1.0117,0.35107,0.1882,0.52478,-0.03977,-0.56806,-0.37345,-0.02525,-0.02004,0.82539,-1.25041
A,A,457,-0.36064,0.0,0.4684,-0.2124,0.31963,-0.09443,-0.08155,-0.34334,1.59221,-0.69414,0.77326,0.20218,-0.06997,-0.40655,-0.46369,-0.01785,-0.2793,-0.39885,-0.50792,0.09282,-0.32236,0.6007,-0.96685
V,A,458,0.6617,0.35774,0.0,-0.71497,-0.14953,-0.58195,-0.34395,-1.14864,1.43437,-0.38878,0.06168,0.19891,-0.30922,-0.18349,-0.32145,0.05048,-0.10773,-0.21385,-0.51594,0.06179,-0.34055,0.80963,-1.09392
I,A,459,2.2449,1.26696,0.91065,-0.45196,-0.00188,-0.32584,0.05455,-0.57218,2.55287,1.35107,1.46536,1.27849,0.11714,0.89521,0.61031,0.38621,0.20763,0.51677,0.28137,1.01249,1.31145,1.93673,-0.43728
H,A,460,0.79519,0.02217,1.08384,-1.01177,0.60309,-0.38364,-0.01413,0.22216,-0.84667,-0.53796,0.75361,0.65018,-0.18435,-0.55011,-0.07634,-1.65113,-0.00092,0.2699,-0.13973,-0.20202,0.4565,4.87169,1.03497
P,A,461,1.53586,1.15063,1.30633,0.7738,0.91038,0.83603,1.12162,0.44078,-0.00101,1.54563,0.97919,1.721,1.13942,1.50531,0.70167,1.29239,0.69284,0.96518,0.68837,1.55066,1.51816,1.43674,0.59037
Q,A,462,0.59797,0.14518,0.92232,0.10014,0.57146,0.13478,0.46876,-0.22786,0.19802,0.79582,1.08614,0.85993,0.42386,0.60371,-0.02355,0.5189,0.36016,0.02145,-1.00531,0.55817,0.72138,0.82301,0.30234
F,A,463,4.11213,2.643,2.34264,0.47945,1.03765,0.66425,-0.01004,0.2761,4.93893,3.02686,2.92995,2.97264,0.50738,3.21292,1.9585,4.12017,2.38633,1.78841,1.27974,2.18521,4.07782,4.21242,0.47342
L,A,464,2.46268,1.41707,1.0272,-0.03744,0.18446,0.18346,0.07755,0.28314,4.42291,1.60424,1.05927,2.12423,0.25571,1.37721,1.00454,1.9128,1.52325,0.72986,1.00452,1.50106,1.92278,2.76103,-0.21914
A,A,465,0.73007,0.0,0.57326,-0.05875,-0.03308,-0.19158,-0.1964,-0.35436,3.6484,0.36626,0.80345,0.83072,-0.20962,0.17065,0.17653,0.43424,0.17661,-0.19812,-0.44774,0.4076,0.39251,0.37327,-0.58942
D,A,466,0.39481,-1.22358,-1.92351,-2.56763,-2.34206,-1.86213,-2.37076,-1.42226,3.03338,-0.72573,-0.64214,-1.32747,-1.41615,0.16907,-0.77311,-0.00318,-0.4443,-1.15889,-0.99261,0.3573,0.81756,0.97671,-1.35918
L,A,467,2.64698,1.57104,1.69221,0.00635,0.97104,-0.03686,0.92258,0.87362,4.33183,2.02045,1.92945,1.76895,0.80464,0.07743,1.24958,1.95583,1.104,0.70351,0.65625,1.35662,1.55404,2.80742,0.71605
L,A,468,0.32656,0.79121,1.25041,-0.00383,1.00055,0.05242,-0.31225,-0.1124,2.46548,0.52105,0.88411,0.72003,-0.23926,-0.04448,0.00468,0.60666,0.57918,0.09272,-0.21887,0.21862,0.51927,1.05079,-0.72737
S,A,469,0.93927,0.56267,1.16578,0.00407,0.75174,0.00068,0.06075,0.72906,5.16024,-0.00842,0.46965,0.13167,-0.32777,0.3563,-0.28549,0.88156,0.96307,-0.38798,-0.57895,0.8687,2.33075,4.52554,-0.20044
P,A,470,0.68565,0.63004,0.96488,0.68009,0.74108,0.68998,0.53616,0.83799,-0.00086,0.66102,0.92543,0.76593,0.53637,0.72169,0.21698,0.77685,0.00836,-0.00081,-0.04317,0.6113,0.81696,1.30019,0.74052
E,A,471,0.25109,0.29616,0.00513,-0.10361,-0.09606,0.31145,-0.01592,0.15632,3.2624,0.10586,0.29912,0.27826,0.00833,-0.10602,-0.234,-0.09207,0.00018,-0.26848,-0.43684,0.14901,0.02463,0.04732,-0.41551
K,A,472,2.69805,0.85991,0.84654,0.41135,0.6642,0.78384,-0.10632,0.16283,3.84085,1.01016,0.91861,0.64986,0.36231,0.50582,0.24244,0.99949,1.05145,0.0,-0.36954,0.75408,1.51114,1.82624,0.33938
Q,A,473,0.11249,0.03201,0.70733,0.10541,0.63022,-0.03531,0.02659,-0.00924,-0.26837,0.23618,0.59508,0.19405,0.00942,0.04511,-0.01887,-0.01449,0.36251,-0.36346,-0.23096,0.2205,0.47574,0.88325,-0.05831
R,A,474,1.97571,1.65257,0.60974,0.12287,0.00423,0.3094,0.28853,0.17496,2.63453,1.74053,0.91846,1.12368,0.30818,0.93707,0.70542,1.8455,1.30268,0.162,-0.00158,1.08968,1.95117,2.07796,0.99867
D,A,475,2.38065,2.36963,1.89719,0.87567,1.69587,1.50771,1.01459,1.05352,0.97532,1.43586,1.36905,1.7879,1.52378,0.02352,1.23138,-0.04721,1.27479,1.57093,1.71224,2.1123,1.62664,1.56176,0.95841
P,A,476,1.71644,1.1955,1.09169,0.49397,0.42531,0.29368,0.75139,-0.36391,-0.0015,1.60612,1.58945,1.72781,0.79572,1.37166,0.33416,1.49716,0.99515,0.63973,0.57,1.45968,1.40637,1.44388,0.52743
L,A,477,-0.0468,0.21529,0.59055,0.00072,0.28826,-0.19281,0.15785,-0.20937,1.02067,0.31197,-0.45062,0.76676,0.17789,-0.11649,-0.22587,0.80022,0.67578,-0.02217,-1.39913,0.24811,1.02929,1.19544,0.36814
A,A,478,0.84609,0.0,0.33655,-0.18306,0.19708,-0.31849,0.0294,0.04585,1.00652,0.19172,0.58173,0.76721,-0.05937,0.77318,-0.04854,1.22208,0.74203,-0.23377,-0.52186,1.03129,1.19442,1.60117,0.6793
L,A,479,3.41082,2.16462,2.55013,-0.00555,1.69442,0.40246,0.61301,0.52158,3.45377,2.30138,1.86765,2.70955,2.23248,1.33989,1.35519,3.74006,3.69782,2.04673,1.8985,2.73223,4.61166,4.87354,6.98775
I,A,480,1.48571,0.68824,0.7292,0.14497,-0.00025,-0.06618,0.0371,-0.11373,4.1753,0.75013,1.23321,1.1436,0.07952,0.57952,0.14437,1.38848,1.06236,0.03241,-0.36219,0.60556,1.37974,0.96829,-0.19223
E,A,481,0.57654,-0.36285,-0.03355,-0.54754,-0.66535,-0.6098,-0.99091,-0.79192,2.83154,-0.29673,0.25642,0.47637,-0.93855,-0.22536,-0.20588,0.55401,-0.00052,-0.669,-1.14962,-0.54102,0.39711,0.40323,-1.03931
E,A,482,0.78718,-0.36138,-0.12422,-1.49484,-0.87578,-1.89084,-1.59946,-1.43711,2.45258,-0.39081,-0.10006,-0.19357,-0.66128,-0.3343,-0.66646,0.5134,-0.00841,-0.89003,-0.98343,-0.31156,0.29365,0.17511,-1.72713
L,A,483,2.38208,1.32716,1.14796,0.00288,0.3482,-0.01761,-1.15882,-0.94997,3.58181,1.46339,1.82924,1.87822,-0.7765,1.585,0.50869,2.10973,1.01334,0.52393,-1.31383,0.27956,1.6797,2.57563,0.70012
E,A,484,0.91557,-0.10003,0.16119,-0.91638,-0.65054,-0.73515,-0.82545,-1.30661,2.88924,0.62645,0.7605,0.476,-0.79929,-0.19515,-0.36579,0.53424,-0.00554,-0.85149,-0.96403,-0.18106,0.34862,0.53175,-0.58783
Q,A,485,0.82866,0.07465,1.00056,-0.07382,0.4239,0.19426,-0.12851,-0.0256,2.18192,-0.25951,0.32464,0.6181,-0.05643,-0.31184,-0.0467,0.75787,0.42611,-0.43267,-0.57015,-0.18373,0.71172,1.51881,0.39849
E,A,486,2.5024,1.53047,2.36606,-0.43089,1.43808,0.28955,0.3582,-1.14304,3.01561,1.0966,2.03628,1.04868,0.30503,1.66916,-0.29871,2.3804,-0.01339,0.34161,0.56285,1.02853,2.29202,4.17726,0.72546
E,A,487,-0.3595,-0.03928,0.16534,-0.26732,-0.10948,-0.73764,-1.25763,-0.91052,0.85437,-0.56012,-0.55819,-0.20927,-0.93172,-0.44742,-0.68165,0.3776,-0.00118,-0.55235,-1.19624,-0.38009,0.16861,0.38425,-1.4078
G,A,488,0.0,-0.01553,0.06683,-0.67997,-0.0527,-0.42719,-0.46039,-0.15292,0.73126,-0.22738,0.12849,-0.35114,-0.39788,-0.26931,-0.96995,0.10091,0.01857,-0.74625,-1.0469,-0.24277,0.23881,0.39623,0.07056
L,A,489,3.48077,1.62615,1.15039,-0.02395,0.6829,-0.02793,0.57646,0.59132,5.0628,2.12662,1.79003,1.59337,0.53098,0.73721,1.48855,3.09572,2.51341,0.48618,0.52596,1.64699,4.58738,5.20897,0.41329
T,A,490,1.60666,1.75167,2.24556,1.6414,1.97983,1.41526,1.74834,1.76354,0.19742,0.87967,-0.00034,2.04715,1.85903,0.07001,1.42867,-0.3473,0.96591,1.57797,1.6236,1.58658,0.68106,1.16925,1.27516
L,A,491,1.1137,0.53854,0.55279,-0.0001,0.05863,-0.16629,0.14676,-1.18206,-0.12816,0.45881,0.38907,0.8295,0.1625,0.52377,0.06846,-0.38754,0.07535,0.22511,0.0532,0.68505,0.00876,0.47706,-0.42632
A,A,492,0.63575,0.0,0.15658,-0.26891,-0.2264,-0.44725,0.14714,-0.00653,-0.96262,0.38611,0.28444,0.64596,0.11236,0.32095,-0.50606,-0.06593,-1.02946,-0.45953,-0.49402,0.29137,-0.11197,-0.06244,-0.38582
Q,A,493,2.42206,1.25003,1.04381,0.00987,0.39839,-0.00049,0.3608,0.58204,2.74607,2.15093,1.54454,1.82502,0.37384,1.59535,-0.01441,1.37205,-0.58725,0.5068,0.68127,1.16579,-0.77157,-1.10044,0.01301
L,A,494,3.28932,1.91726,1.10708,0.01031,0.42904,0.36356,3.20392,1.79029,6.74917,2.41104,1.60972,2.57986,5.11658,1.37345,1.43454,3.24469,1.80933,1.41011,0.29408,2.16497,4.13958,5.90753,8.52136
V,A,495,1.23064,0.25359,-0.00058,-0.93389,-0.72706,-1.2678,-0.74756,-1.74205,2.80319,0.29293,0.61384,0.82563,-0.60115,0.20836,-0.27206,0.47298,0.0314,-0.89152,-0.82875,0.32268,0.20245,0.22268,-1.27479
Q,A,496,1.43096,0.61093,1.19454,-0.12698,0.49961,-0.1807,-0.01358,-0.07749,3.20234,0.62701,1.21262,1.36772,0.05625,0.35052,-0.0004,0.86824,0.54999,0.15963,-0.03884,0.67471,0.73404,0.55043,-0.28347
K,A,497,1.95726,0.71412,0.23942,-0.59917,-0.30822,-0.22897,-0.38604,-0.34489,3.64473,0.95738,1.18774,1.10717,-0.26729,0.44434,0.15278,1.41106,0.69042,-0.03648,-0.09006,0.12568,1.24449,1.64042,-0.55918
R,A,498,4.26482,3.28397,3.0762,1.73581,2.46549,2.23203,2.74667,1.61506,6.10383,3.26296,4.16613,4.39125,1.46139,3.89231,2.98129,4.68093,3.85337,1.99379,0.0,4.09423,5.31658,7.86203,1.80049
L,A,499,1.35557,0.43012,0.7662,0.00181,0.14637,0.08485,0.14638,-0.15566,3.54145,1.02251,1.0572,1.14778,0.14158,0.32502,0.16981,0.53442,0.47116,0.19399,0.1106,0.5815,0.58018,0.71427,-0.15677
M,A,500,0.68333,0.65772,0.76644,0.21034,0.36369,0.00101,-0.09337,-0.28969,4.36477,0.1642,0.47555,0.73192,0.04543,0.61816,0.39845,0.76603,0.49029,0.3213,0.3095,0.66747,0.56833,0.84124,-0.04528
