,variant,RaSP_ddG,mutatex_name,rosetta_name,wt_AA,pos,mt_AA,chainid
0,P36A,0.5840366406025651,PA36A,A.P.36.A,P,36,A,A
1,P36C,1.09567866558589,PA36C,A.P.36.C,P,36,C,A
2,P36D,0.248306041825484,PA36D,A.P.36.D,P,36,D,A
3,P36E,0.5058176606897297,PA36E,A.P.36.E,P,36,E,A
4,P36F,0.6246288464142874,PA36F,A.P.36.F,P,36,F,A
5,P36G,0.3497829902248045,PA36G,A.P.36.G,P,36,G,A
6,P36H,0.3550898115101519,PA36H,A.P.36.H,P,36,H,A
7,P36I,0.5751210644439625,PA36I,A.P.36.I,P,36,I,A
8,P36K,0.5567304100128697,PA36K,A.P.36.K,P,36,K,A
9,P36L,-0.0616875319820892,PA36L,A.P.36.L,P,36,L,A
10,P36M,0.3892455066113487,PA36M,A.P.36.M,P,36,M,A
11,P36N,0.3153800116219912,PA36N,A.P.36.N,P,36,N,A
12,P36P,0.9753147712894628,PA36P,A.P.36.P,P,36,P,A
13,P36Q,0.7888111886124632,PA36Q,A.P.36.Q,P,36,Q,A
14,P36R,0.3837186957884964,PA36R,A.P.36.R,P,36,R,A
15,P36S,0.3154663652308581,PA36S,A.P.36.S,P,36,S,A
16,P36T,0.5116036112001859,PA36T,A.P.36.T,P,36,T,A
17,P36V,0.5533015372769342,PA36V,A.P.36.V,P,36,V,A
18,P36W,0.2227133649017326,PA36W,A.P.36.W,P,36,W,A
19,P36Y,0.7077310315392027,PA36Y,A.P.36.Y,P,36,Y,A
20,R37A,0.0788821103849546,RA37A,A.R.37.A,R,37,A,A
21,R37C,0.7990799188745847,RA37C,A.R.37.C,R,37,C,A
22,R37D,-0.1014699079065156,RA37D,A.R.37.D,R,37,D,A
23,R37E,-0.2117016381907971,RA37E,A.R.37.E,R,37,E,A
24,R37F,0.0261908226460544,RA37F,A.R.37.F,R,37,F,A
25,R37G,0.6265825298908386,RA37G,A.R.37.G,R,37,G,A
26,R37H,-0.1977626983207053,RA37H,A.R.37.H,R,37,H,A
27,R37I,-0.0926991010133987,RA37I,A.R.37.I,R,37,I,A
28,R37K,-0.1102118092496973,RA37K,A.R.37.K,R,37,K,A
29,R37L,-0.2758707047543235,RA37L,A.R.37.L,R,37,L,A
30,R37M,-0.0092241975239037,RA37M,A.R.37.M,R,37,M,A
31,R37N,0.0124357952663362,RA37N,A.R.37.N,R,37,N,A
32,R37P,0.7031323942919987,RA37P,A.R.37.P,R,37,P,A
33,R37Q,0.0581406617633062,RA37Q,A.R.37.Q,R,37,Q,A
34,R37R,-0.1233564244542184,RA37R,A.R.37.R,R,37,R,A
35,R37S,0.0394899089902034,RA37S,A.R.37.S,R,37,S,A
36,R37T,-0.0425285136999309,RA37T,A.R.37.T,R,37,T,A
37,R37V,-0.0665770825916323,RA37V,A.R.37.V,R,37,V,A
38,R37W,-0.2071780137288043,RA37W,A.R.37.W,R,37,W,A
39,R37Y,0.0514992062266694,RA37Y,A.R.37.Y,R,37,Y,A
40,K38A,-0.2224984656293188,KA38A,A.K.38.A,K,38,A,A
41,K38C,0.4243087091674635,KA38C,A.K.38.C,K,38,C,A
42,K38D,-0.4489421030349044,KA38D,A.K.38.D,K,38,D,A
43,K38E,-0.49624800759825,KA38E,A.K.38.E,K,38,E,A
44,K38F,-0.2787638984978058,KA38F,A.K.38.F,K,38,F,A
45,K38G,0.0845150288783752,KA38G,A.K.38.G,K,38,G,A
46,K38H,-0.4851380956980661,KA38H,A.K.38.H,K,38,H,A
47,K38I,-0.3354527823866876,KA38I,A.K.38.I,K,38,I,A
48,K38K,-0.3614202442860359,KA38K,A.K.38.K,K,38,K,A
49,K38L,-0.5729613974164982,KA38L,A.K.38.L,K,38,L,A
50,K38M,-0.2264424848593427,KA38M,A.K.38.M,K,38,M,A
51,K38N,-0.2812001835901018,KA38N,A.K.38.N,K,38,N,A
52,K38P,-0.2279405189677125,KA38P,A.K.38.P,K,38,P,A
53,K38Q,-0.1490507063174556,KA38Q,A.K.38.Q,K,38,Q,A
54,K38R,-0.4091537779531085,KA38R,A.K.38.R,K,38,R,A
55,K38S,-0.3639604007010494,KA38S,A.K.38.S,K,38,S,A
56,K38T,-0.2894070439247748,KA38T,A.K.38.T,K,38,T,A
57,K38V,-0.2383130429564106,KA38V,A.K.38.V,K,38,V,A
58,K38W,-0.5666853874054478,KA38W,A.K.38.W,K,38,W,A
59,K38Y,-0.195923054777517,KA38Y,A.K.38.Y,K,38,Y,A
60,Q39A,-0.1646531306274834,QA39A,A.Q.39.A,Q,39,A,A
61,Q39C,0.5428528260324611,QA39C,A.Q.39.C,Q,39,C,A
62,Q39D,-0.3359928396965761,QA39D,A.Q.39.D,Q,39,D,A
63,Q39E,-0.4767824795550496,QA39E,A.Q.39.E,Q,39,E,A
64,Q39F,-0.3686518559069307,QA39F,A.Q.39.F,Q,39,F,A
65,Q39G,0.4320079074199667,QA39G,A.Q.39.G,Q,39,G,A
66,Q39H,-0.5319785376031189,QA39H,A.Q.39.H,Q,39,H,A
67,Q39I,-0.5501246957459499,QA39I,A.Q.39.I,Q,39,I,A
68,Q39K,-0.4185805490451272,QA39K,A.Q.39.K,Q,39,K,A
69,Q39L,-0.6830762442829175,QA39L,A.Q.39.L,Q,39,L,A
70,Q39M,-0.3747231053113803,QA39M,A.Q.39.M,Q,39,M,A
71,Q39N,-0.2412397574256225,QA39N,A.Q.39.N,Q,39,N,A
72,Q39P,0.5375918421333278,QA39P,A.Q.39.P,Q,39,P,A
73,Q39Q,-0.1581775899440085,QA39Q,A.Q.39.Q,Q,39,Q,A
74,Q39R,-0.4503079603576876,QA39R,A.Q.39.R,Q,39,R,A
75,Q39S,-0.121186971186975,QA39S,A.Q.39.S,Q,39,S,A
76,Q39T,-0.2718896704628115,QA39T,A.Q.39.T,Q,39,T,A
77,Q39V,-0.4306528298521866,QA39V,A.Q.39.V,Q,39,V,A
78,Q39W,-0.7068136005724296,QA39W,A.Q.39.W,Q,39,W,A
79,Q39Y,-0.3325964867501296,QA39Y,A.Q.39.Y,Q,39,Y,A
80,R40A,0.105718975654378,RA40A,A.R.40.A,R,40,A,A
81,R40C,0.8066813169529082,RA40C,A.R.40.C,R,40,C,A
82,R40D,0.0655202157350171,RA40D,A.R.40.D,R,40,D,A
83,R40E,-0.1574299068009399,RA40E,A.R.40.E,R,40,E,A
84,R40F,-0.0183177303810688,RA40F,A.R.40.F,R,40,F,A
85,R40G,0.6456697478600151,RA40G,A.R.40.G,R,40,G,A
86,R40H,-0.1788165332289087,RA40H,A.R.40.H,R,40,H,A
87,R40I,-0.2672117659192136,RA40I,A.R.40.I,R,40,I,A
88,R40K,-0.1257103011619637,RA40K,A.R.40.K,R,40,K,A
89,R40L,-0.3502413297111373,RA40L,A.R.40.L,R,40,L,A
90,R40M,0.0092670559950658,RA40M,A.R.40.M,R,40,M,A
91,R40N,0.0988838768081107,RA40N,A.R.40.N,R,40,N,A
92,R40P,1.69609351031134,RA40P,A.R.40.P,R,40,P,A
93,R40Q,0.1376968695109837,RA40Q,A.R.40.Q,R,40,Q,A
94,R40R,-0.1997361566042599,RA40R,A.R.40.R,R,40,R,A
95,R40S,0.1355452521810241,RA40S,A.R.40.S,R,40,S,A
96,R40T,-0.0481215095707343,RA40T,A.R.40.T,R,40,T,A
97,R40V,-0.1167203697967317,RA40V,A.R.40.V,R,40,V,A
98,R40W,-0.398684224785259,RA40W,A.R.40.W,R,40,W,A
99,R40Y,-0.0043235684693332,RA40Y,A.R.40.Y,R,40,Y,A
100,R41A,0.1639709103517367,RA41A,A.R.41.A,R,41,A,A
101,R41C,0.8735605074699632,RA41C,A.R.41.C,R,41,C,A
102,R41D,0.091846772607515,RA41D,A.R.41.D,R,41,D,A
103,R41E,-0.1006851320807522,RA41E,A.R.41.E,R,41,E,A
104,R41F,0.0447565066682037,RA41F,A.R.41.F,R,41,F,A
105,R41G,0.9107771211129118,RA41G,A.R.41.G,R,41,G,A
106,R41H,-0.0377801845884018,RA41H,A.R.41.H,R,41,H,A
107,R41I,-0.1689030127754448,RA41I,A.R.41.I,R,41,I,A
108,R41K,0.0978602818239643,RA41K,A.R.41.K,R,41,K,A
109,R41L,-0.2525923375969163,RA41L,A.R.41.L,R,41,L,A
110,R41M,0.0627716136884282,RA41M,A.R.41.M,R,41,M,A
111,R41N,0.2563922305556659,RA41N,A.R.41.N,R,41,N,A
112,R41P,0.5919482677442858,RA41P,A.R.41.P,R,41,P,A
113,R41Q,0.1663633499616273,RA41Q,A.R.41.Q,R,41,Q,A
114,R41R,-0.0461278230127476,RA41R,A.R.41.R,R,41,R,A
115,R41S,0.2889138627207432,RA41S,A.R.41.S,R,41,S,A
116,R41T,0.1814175962335557,RA41T,A.R.41.T,R,41,T,A
117,R41V,-0.0154621092281836,RA41V,A.R.41.V,R,41,V,A
118,R41W,-0.2883674124723134,RA41W,A.R.41.W,R,41,W,A
119,R41Y,0.0394276134447052,RA41Y,A.R.41.Y,R,41,Y,A
120,E42A,0.529086324689903,EA42A,A.E.42.A,E,42,A,A
121,E42C,1.2940803547496889,EA42C,A.E.42.C,E,42,C,A
122,E42D,0.3370602842902837,EA42D,A.E.42.D,E,42,D,A
123,E42E,0.3308571231458718,EA42E,A.E.42.E,E,42,E,A
124,E42F,0.1632208566748366,EA42F,A.E.42.F,E,42,F,A
125,E42G,1.0011506323356616,EA42G,A.E.42.G,E,42,G,A
126,E42H,0.2532447624594636,EA42H,A.E.42.H,E,42,H,A
127,E42I,0.2963685444204117,EA42I,A.E.42.I,E,42,I,A
128,E42K,0.6441623929692283,EA42K,A.E.42.K,E,42,K,A
129,E42L,-0.0055247594629559,EA42L,A.E.42.L,E,42,L,A
130,E42M,0.4102760010716677,EA42M,A.E.42.M,E,42,M,A
131,E42N,0.5378225344506523,EA42N,A.E.42.N,E,42,N,A
132,E42P,1.35289161713847,EA42P,A.E.42.P,E,42,P,A
133,E42Q,0.6494037448734737,EA42Q,A.E.42.Q,E,42,Q,A
134,E42R,0.5001206424774085,EA42R,A.E.42.R,E,42,R,A
135,E42S,0.6157487441258976,EA42S,A.E.42.S,E,42,S,A
136,E42T,0.531287886646479,EA42T,A.E.42.T,E,42,T,A
137,E42V,0.4446841178877703,EA42V,A.E.42.V,E,42,V,A
138,E42W,-0.2438291206636794,EA42W,A.E.42.W,E,42,W,A
139,E42Y,0.254320757520961,EA42Y,A.E.42.Y,E,42,Y,A
140,R43A,0.1119531418877839,RA43A,A.R.43.A,R,43,A,A
141,R43C,0.8962127851453446,RA43C,A.R.43.C,R,43,C,A
142,R43D,0.145816777813178,RA43D,A.R.43.D,R,43,D,A
143,R43E,-0.0791318216614267,RA43E,A.R.43.E,R,43,E,A
144,R43F,-0.0278808087984383,RA43F,A.R.43.F,R,43,F,A
145,R43G,0.7567005444741487,RA43G,A.R.43.G,R,43,G,A
146,R43H,-0.1644305930910028,RA43H,A.R.43.H,R,43,H,A
147,R43I,-0.2548772966572926,RA43I,A.R.43.I,R,43,I,A
148,R43K,-0.0158121628932883,RA43K,A.R.43.K,R,43,K,A
149,R43L,-0.4867028450354016,RA43L,A.R.43.L,R,43,L,A
150,R43M,-0.053237036662434,RA43M,A.R.43.M,R,43,M,A
151,R43N,0.1216543775531392,RA43N,A.R.43.N,R,43,N,A
152,R43P,2.465666916265907,RA43P,A.R.43.P,R,43,P,A
153,R43Q,0.0876367092297464,RA43Q,A.R.43.Q,R,43,Q,A
154,R43R,-0.1152897479785791,RA43R,A.R.43.R,R,43,R,A
155,R43S,0.2687001130543348,RA43S,A.R.43.S,R,43,S,A
156,R43T,0.1798212909164476,RA43T,A.R.43.T,R,43,T,A
157,R43V,-0.1651455750727909,RA43V,A.R.43.V,R,43,V,A
158,R43W,-0.3908331472528664,RA43W,A.R.43.W,R,43,W,A
159,R43Y,0.0088540651778179,RA43Y,A.R.43.Y,R,43,Y,A
160,T44A,0.2816753786372783,TA44A,A.T.44.A,T,44,A,A
161,T44C,0.6462776715766047,TA44C,A.T.44.C,T,44,C,A
162,T44D,0.6695059469798126,TA44D,A.T.44.D,T,44,D,A
163,T44E,0.2574465054263869,TA44E,A.T.44.E,T,44,E,A
164,T44F,-0.4333120905799281,TA44F,A.T.44.F,T,44,F,A
165,T44G,1.5560175793691005,TA44G,A.T.44.G,T,44,G,A
166,T44H,-0.0290622022317094,TA44H,A.T.44.H,T,44,H,A
167,T44I,-0.8454357917696026,TA44I,A.T.44.I,T,44,I,A
168,T44K,0.6171627687355508,TA44K,A.T.44.K,T,44,K,A
169,T44L,-0.6739595832919881,TA44L,A.T.44.L,T,44,L,A
170,T44M,-0.1923417468033633,TA44M,A.T.44.M,T,44,M,A
171,T44N,0.4520513615090199,TA44N,A.T.44.N,T,44,N,A
172,T44P,2.935792731741825,TA44P,A.T.44.P,T,44,P,A
173,T44Q,0.1399127970849123,TA44Q,A.T.44.Q,T,44,Q,A
174,T44R,0.1800374688417505,TA44R,A.T.44.R,T,44,R,A
175,T44S,0.7784642840146829,TA44S,A.T.44.S,T,44,S,A
176,T44T,0.2193784814270855,TA44T,A.T.44.T,T,44,T,A
177,T44V,-0.6789723465134462,TA44V,A.T.44.V,T,44,V,A
178,T44W,-0.5632974490064124,TA44W,A.T.44.W,T,44,W,A
179,T44Y,-0.2122528783031374,TA44Y,A.T.44.Y,T,44,Y,A
180,T45A,0.0884021154942615,TA45A,A.T.45.A,T,45,A,A
181,T45C,0.6922031735844227,TA45C,A.T.45.C,T,45,C,A
182,T45D,0.0366346795070621,TA45D,A.T.45.D,T,45,D,A
183,T45E,-0.1264354972214892,TA45E,A.T.45.E,T,45,E,A
184,T45F,-0.7189011081327396,TA45F,A.T.45.F,T,45,F,A
185,T45G,0.8309680275908778,TA45G,A.T.45.G,T,45,G,A
186,T45H,-0.4365648970176583,TA45H,A.T.45.H,T,45,H,A
187,T45I,-0.7095754514409153,TA45I,A.T.45.I,T,45,I,A
188,T45K,-0.1667811497639526,TA45K,A.T.45.K,T,45,K,A
189,T45L,-0.7231722562404114,TA45L,A.T.45.L,T,45,L,A
190,T45M,-0.3198392739174605,TA45M,A.T.45.M,T,45,M,A
191,T45N,-0.1076561104448536,TA45N,A.T.45.N,T,45,N,A
192,T45P,1.2080607816308386,TA45P,A.T.45.P,T,45,P,A
193,T45Q,0.0113876563345693,TA45Q,A.T.45.Q,T,45,Q,A
194,T45R,-0.4446338436491953,TA45R,A.T.45.R,T,45,R,A
195,T45S,0.1942656661037051,TA45S,A.T.45.S,T,45,S,A
196,T45T,-0.1150071565628801,TA45T,A.T.45.T,T,45,T,A
197,T45V,-0.4980426847833163,TA45V,A.T.45.V,T,45,V,A
198,T45W,-1.0067507189408431,TA45W,A.T.45.W,T,45,W,A
199,T45Y,-0.6057865362577103,TA45Y,A.T.45.Y,T,45,Y,A
200,F46A,3.857083483711433,FA46A,A.F.46.A,F,46,A,A
201,F46C,3.982562273639988,FA46C,A.F.46.C,F,46,C,A
202,F46D,4.919634145538618,FA46D,A.F.46.D,F,46,D,A
203,F46E,4.5307597096073655,FA46E,A.F.46.E,F,46,E,A
204,F46F,0.4355403454042528,FA46F,A.F.46.F,F,46,F,A
205,F46G,5.629177684912185,FA46G,A.F.46.G,F,46,G,A
206,F46H,2.473573562386022,FA46H,A.F.46.H,F,46,H,A
207,F46I,2.34562595838062,FA46I,A.F.46.I,F,46,I,A
208,F46K,4.628691669409722,FA46K,A.F.46.K,F,46,K,A
209,F46L,1.8846080342172729,FA46L,A.F.46.L,F,46,L,A
210,F46M,2.308543735083896,FA46M,A.F.46.M,F,46,M,A
211,F46N,3.699430482507459,FA46N,A.F.46.N,F,46,N,A
212,F46P,7.303704247343333,FA46P,A.F.46.P,F,46,P,A
213,F46Q,3.6516003546520337,FA46Q,A.F.46.Q,F,46,Q,A
214,F46R,3.81703034709427,FA46R,A.F.46.R,F,46,R,A
215,F46S,4.724962502538059,FA46S,A.F.46.S,F,46,S,A
216,F46T,3.7981363848345,FA46T,A.F.46.T,F,46,T,A
217,F46V,2.806268480767067,FA46V,A.F.46.V,F,46,V,A
218,F46W,1.0604533180212363,FA46W,A.F.46.W,F,46,W,A
219,F46Y,0.8571968578563427,FA46Y,A.F.46.Y,F,46,Y,A
220,T47A,0.4252660549179693,TA47A,A.T.47.A,T,47,A,A
221,T47C,0.9212106411993064,TA47C,A.T.47.C,T,47,C,A
222,T47D,0.0948380544440724,TA47D,A.T.47.D,T,47,D,A
223,T47E,0.1118760419407455,TA47E,A.T.47.E,T,47,E,A
224,T47F,0.0178582153743644,TA47F,A.T.47.F,T,47,F,A
225,T47G,0.7772903879348422,TA47G,A.T.47.G,T,47,G,A
226,T47H,-0.1121485225282731,TA47H,A.T.47.H,T,47,H,A
227,T47I,0.2279571256965518,TA47I,A.T.47.I,T,47,I,A
228,T47K,0.1133392980564879,TA47K,A.T.47.K,T,47,K,A
229,T47L,-0.1640717339750413,TA47L,A.T.47.L,T,47,L,A
230,T47M,0.1871496808815181,TA47M,A.T.47.M,T,47,M,A
231,T47N,0.0603001039948364,TA47N,A.T.47.N,T,47,N,A
232,T47P,2.4496196599252698,TA47P,A.T.47.P,T,47,P,A
233,T47Q,0.32226055570162,TA47Q,A.T.47.Q,T,47,Q,A
234,T47R,-0.0733693724583434,TA47R,A.T.47.R,T,47,R,A
235,T47S,0.2919349889524658,TA47S,A.T.47.S,T,47,S,A
236,T47T,0.2657228921106613,TA47T,A.T.47.T,T,47,T,A
237,T47V,0.3206264774078754,TA47V,A.T.47.V,T,47,V,A
238,T47W,-0.3216770014962294,TA47W,A.T.47.W,T,47,W,A
239,T47Y,0.0525394649127514,TA47Y,A.T.47.Y,T,47,Y,A
240,R48A,0.6436661300571528,RA48A,A.R.48.A,R,48,A,A
241,R48C,1.4186164732422613,RA48C,A.R.48.C,R,48,C,A
242,R48D,0.7485284625863009,RA48D,A.R.48.D,R,48,D,A
243,R48E,0.5238200056236577,RA48E,A.R.48.E,R,48,E,A
244,R48F,0.4779043271793043,RA48F,A.R.48.F,R,48,F,A
245,R48G,1.3682506779701744,RA48G,A.R.48.G,R,48,G,A
246,R48H,0.4343834602036545,RA48H,A.R.48.H,R,48,H,A
247,R48I,0.3819892983902206,RA48I,A.R.48.I,R,48,I,A
248,R48K,0.5415653180058418,RA48K,A.R.48.K,R,48,K,A
249,R48L,0.1625730912442241,RA48L,A.R.48.L,R,48,L,A
250,R48M,0.5286091147265237,RA48M,A.R.48.M,R,48,M,A
251,R48N,0.7840329180109562,RA48N,A.R.48.N,R,48,N,A
252,R48P,2.2573912145536177,RA48P,A.R.48.P,R,48,P,A
253,R48Q,0.7147429242149211,RA48Q,A.R.48.Q,R,48,Q,A
254,R48R,0.3285262099525993,RA48R,A.R.48.R,R,48,R,A
255,R48S,0.8390706406369652,RA48S,A.R.48.S,R,48,S,A
256,R48T,0.7690185947985414,RA48T,A.R.48.T,R,48,T,A
257,R48V,0.5902121388557602,RA48V,A.R.48.V,R,48,V,A
258,R48W,-0.0194081520406919,RA48W,A.R.48.W,R,48,W,A
259,R48Y,0.5092605394976757,RA48Y,A.R.48.Y,R,48,Y,A
260,S49A,-0.0140289718217312,SA49A,A.S.49.A,S,49,A,A
261,S49C,0.9857342463010534,SA49C,A.S.49.C,S,49,C,A
262,S49D,0.0369517358399867,SA49D,A.S.49.D,S,49,D,A
263,S49E,-0.1193686774598284,SA49E,A.S.49.E,S,49,E,A
264,S49F,-0.5730631998312608,SA49F,A.S.49.F,S,49,F,A
265,S49G,0.8517168844364983,SA49G,A.S.49.G,S,49,G,A
266,S49H,-0.2497735636828796,SA49H,A.S.49.H,S,49,H,A
267,S49I,-0.1203966177891913,SA49I,A.S.49.I,S,49,I,A
268,S49K,-0.0132741373205613,SA49K,A.S.49.K,S,49,K,A
269,S49L,-0.5165113593500248,SA49L,A.S.49.L,S,49,L,A
270,S49M,-0.088141156599843,SA49M,A.S.49.M,S,49,M,A
271,S49N,0.1421878660140357,SA49N,A.S.49.N,S,49,N,A
272,S49P,1.6157732474237707,SA49P,A.S.49.P,S,49,P,A
273,S49Q,0.1310967589472506,SA49Q,A.S.49.Q,S,49,Q,A
274,S49R,-0.2632703882343568,SA49R,A.S.49.R,S,49,R,A
275,S49S,0.1563385202945827,SA49S,A.S.49.S,S,49,S,A
276,S49T,0.2419377754525853,SA49T,A.S.49.T,S,49,T,A
277,S49V,-0.0316772175884216,SA49V,A.S.49.V,S,49,V,A
278,S49W,-1.133172152366685,SA49W,A.S.49.W,S,49,W,A
279,S49Y,-0.5144876576746471,SA49Y,A.S.49.Y,S,49,Y,A
280,Q50A,0.7861666725916527,QA50A,A.Q.50.A,Q,50,A,A
281,Q50C,1.278883783904621,QA50C,A.Q.50.C,Q,50,C,A
282,Q50D,1.7673184080815207,QA50D,A.Q.50.D,Q,50,D,A
283,Q50E,1.1525104542120492,QA50E,A.Q.50.E,Q,50,E,A
284,Q50F,-0.1027353399297342,QA50F,A.Q.50.F,Q,50,F,A
285,Q50G,2.360188083702571,QA50G,A.Q.50.G,Q,50,G,A
286,Q50H,0.7035468150566393,QA50H,A.Q.50.H,Q,50,H,A
287,Q50I,0.000374028469357,QA50I,A.Q.50.I,Q,50,I,A
288,Q50K,0.8733679558231033,QA50K,A.Q.50.K,Q,50,K,A
289,Q50L,-0.4620720143528051,QA50L,A.Q.50.L,Q,50,L,A
290,Q50M,0.1068717121371909,QA50M,A.Q.50.M,Q,50,M,A
291,Q50N,1.224220765165333,QA50N,A.Q.50.N,Q,50,N,A
292,Q50P,4.2056237510293215,QA50P,A.Q.50.P,Q,50,P,A
293,Q50Q,0.5578602705211846,QA50Q,A.Q.50.Q,Q,50,Q,A
294,Q50R,0.4214548570443283,QA50R,A.Q.50.R,Q,50,R,A
295,Q50S,1.7752830973143434,QA50S,A.Q.50.S,Q,50,S,A
296,Q50T,1.032506612342412,QA50T,A.Q.50.T,Q,50,T,A
297,Q50V,0.3107021688907818,QA50V,A.Q.50.V,Q,50,V,A
298,Q50W,-0.3083290349598655,QA50W,A.Q.50.W,Q,50,W,A
299,Q50Y,0.1672847771703073,QA50Y,A.Q.50.Y,Q,50,Y,A
300,L51A,1.685198150869522,LA51A,A.L.51.A,L,51,A,A
301,L51C,1.9567834732880989,LA51C,A.L.51.C,L,51,C,A
302,L51D,2.0648984515073368,LA51D,A.L.51.D,L,51,D,A
303,L51E,1.6284816005398388,LA51E,A.L.51.E,L,51,E,A
304,L51F,0.1859163881999431,LA51F,A.L.51.F,L,51,F,A
305,L51G,2.751000402050673,LA51G,A.L.51.G,L,51,G,A
306,L51H,1.0286499086503855,LA51H,A.L.51.H,L,51,H,A
307,L51I,0.3005915538117798,LA51I,A.L.51.I,L,51,I,A
308,L51K,1.2688639968988271,LA51K,A.L.51.K,L,51,K,A
309,L51L,0.313618078413671,LA51L,A.L.51.L,L,51,L,A
310,L51M,0.7606242191611617,LA51M,A.L.51.M,L,51,M,A
311,L51N,1.531553968034442,LA51N,A.L.51.N,L,51,N,A
312,L51P,6.150049098330133,LA51P,A.L.51.P,L,51,P,A
313,L51Q,1.3849505564260856,LA51Q,A.L.51.Q,L,51,Q,A
314,L51R,0.8030011212672356,LA51R,A.L.51.R,L,51,R,A
315,L51S,2.047376352620429,LA51S,A.L.51.S,L,51,S,A
316,L51T,1.6098237871109058,LA51T,A.L.51.T,L,51,T,A
317,L51V,0.5511819974735124,LA51V,A.L.51.V,L,51,V,A
318,L51W,0.031658290030066,LA51W,A.L.51.W,L,51,W,A
319,L51Y,0.4356101493543196,LA51Y,A.L.51.Y,L,51,Y,A
320,E52A,0.6565619475396106,EA52A,A.E.52.A,E,52,A,A
321,E52C,1.242522282523899,EA52C,A.E.52.C,E,52,C,A
322,E52D,0.4145974488978721,EA52D,A.E.52.D,E,52,D,A
323,E52E,0.1945990284080256,EA52E,A.E.52.E,E,52,E,A
324,E52F,0.0821439238134252,EA52F,A.E.52.F,E,52,F,A
325,E52G,1.5420652464110236,EA52G,A.E.52.G,E,52,G,A
326,E52H,0.1596079734637229,EA52H,A.E.52.H,E,52,H,A
327,E52I,-0.184548316596867,EA52I,A.E.52.I,E,52,I,A
328,E52K,0.4538094975834755,EA52K,A.E.52.K,E,52,K,A
329,E52L,-0.2773681803812228,EA52L,A.E.52.L,E,52,L,A
330,E52M,0.1804631420416552,EA52M,A.E.52.M,E,52,M,A
331,E52N,0.5568391686810533,EA52N,A.E.52.N,E,52,N,A
332,E52P,4.9380277909942265,EA52P,A.E.52.P,E,52,P,A
333,E52Q,0.4921600729141345,EA52Q,A.E.52.Q,E,52,Q,A
334,E52R,0.2711145148211785,EA52R,A.E.52.R,E,52,R,A
335,E52S,0.9079498292838007,EA52S,A.E.52.S,E,52,S,A
336,E52T,0.5586052594127296,EA52T,A.E.52.T,E,52,T,A
337,E52V,-0.0030663188981661,EA52V,A.E.52.V,E,52,V,A
338,E52W,-0.3927104032613665,EA52W,A.E.52.W,E,52,W,A
339,E52Y,0.1628094617497438,EA52Y,A.E.52.Y,E,52,Y,A
340,E53A,0.2929495152827771,EA53A,A.E.53.A,E,53,A,A
341,E53C,0.9718246134395055,EA53C,A.E.53.C,E,53,C,A
342,E53D,0.756218142531293,EA53D,A.E.53.D,E,53,D,A
343,E53E,0.373634844942925,EA53E,A.E.53.E,E,53,E,A
344,E53F,-0.2592161147310501,EA53F,A.E.53.F,E,53,F,A
345,E53G,1.3962642998906656,EA53G,A.E.53.G,E,53,G,A
346,E53H,0.1934802249532485,EA53H,A.E.53.H,E,53,H,A
347,E53I,-0.3837171519530363,EA53I,A.E.53.I,E,53,I,A
348,E53K,0.2363321684996355,EA53K,A.E.53.K,E,53,K,A
349,E53L,-0.73945435266218,EA53L,A.E.53.L,E,53,L,A
350,E53M,-0.2436304115937509,EA53M,A.E.53.M,E,53,M,A
351,E53N,0.6183750374498794,EA53N,A.E.53.N,E,53,N,A
352,E53P,6.351838080528059,EA53P,A.E.53.P,E,53,P,A
353,E53Q,0.3559980250509992,EA53Q,A.E.53.Q,E,53,Q,A
354,E53R,-0.0248851697629948,EA53R,A.E.53.R,E,53,R,A
355,E53S,1.0496168718141532,EA53S,A.E.53.S,E,53,S,A
356,E53T,0.6730701430925334,EA53T,A.E.53.T,E,53,T,A
357,E53V,-0.1175680889821795,EA53V,A.E.53.V,E,53,V,A
358,E53W,-0.7965899510632712,EA53W,A.E.53.W,E,53,W,A
359,E53Y,-0.162806079499545,EA53Y,A.E.53.Y,E,53,Y,A
360,L54A,3.652316927962285,LA54A,A.L.54.A,L,54,A,A
361,L54C,3.740575701734529,LA54C,A.L.54.C,L,54,C,A
362,L54D,4.971180160816537,LA54D,A.L.54.D,L,54,D,A
363,L54E,4.392549413717401,LA54E,A.L.54.E,L,54,E,A
364,L54F,1.7816086774331752,LA54F,A.L.54.F,L,54,F,A
365,L54G,5.9245715298049735,LA54G,A.L.54.G,L,54,G,A
366,L54H,3.130084889569454,LA54H,A.L.54.H,L,54,H,A
367,L54I,1.928787794071111,LA54I,A.L.54.I,L,54,I,A
368,L54K,5.657862237751266,LA54K,A.L.54.K,L,54,K,A
369,L54L,1.020815912954719,LA54L,A.L.54.L,L,54,L,A
370,L54M,1.4264549435571034,LA54M,A.L.54.M,L,54,M,A
371,L54N,3.4338036031314503,LA54N,A.L.54.N,L,54,N,A
372,L54P,9.006234841610157,LA54P,A.L.54.P,L,54,P,A
373,L54Q,3.092194394599881,LA54Q,A.L.54.Q,L,54,Q,A
374,L54R,4.429206490947353,LA54R,A.L.54.R,L,54,R,A
375,L54S,4.842532860509519,LA54S,A.L.54.S,L,54,S,A
376,L54T,3.861690883304463,LA54T,A.L.54.T,L,54,T,A
377,L54V,2.33629281042846,LA54V,A.L.54.V,L,54,V,A
378,L54W,3.178568546124826,LA54W,A.L.54.W,L,54,W,A
379,L54Y,2.919222122803825,LA54Y,A.L.54.Y,L,54,Y,A
380,E55A,0.3739783000127006,EA55A,A.E.55.A,E,55,A,A
381,E55C,0.9687067161764714,EA55C,A.E.55.C,E,55,C,A
382,E55D,0.4226499490395236,EA55D,A.E.55.D,E,55,D,A
383,E55E,0.1699429386427658,EA55E,A.E.55.E,E,55,E,A
384,E55F,-0.1535538871181591,EA55F,A.E.55.F,E,55,F,A
385,E55G,1.3518634095320496,EA55G,A.E.55.G,E,55,G,A
386,E55H,0.0785266650589816,EA55H,A.E.55.H,E,55,H,A
387,E55I,-0.2277072915193839,EA55I,A.E.55.I,E,55,I,A
388,E55K,0.3635873558692726,EA55K,A.E.55.K,E,55,K,A
389,E55L,-0.4183280012861384,EA55L,A.E.55.L,E,55,L,A
390,E55M,-0.0049476040071688,EA55M,A.E.55.M,E,55,M,A
391,E55N,0.423391169843747,EA55N,A.E.55.N,E,55,N,A
392,E55P,5.7253871358193065,EA55P,A.E.55.P,E,55,P,A
393,E55Q,0.3062441646122754,EA55Q,A.E.55.Q,E,55,Q,A
394,E55R,0.0587129282944415,EA55R,A.E.55.R,E,55,R,A
395,E55S,0.8164063400416011,EA55S,A.E.55.S,E,55,S,A
396,E55T,0.4924761861903226,EA55T,A.E.55.T,E,55,T,A
397,E55V,-0.0667485356599695,EA55V,A.E.55.V,E,55,V,A
398,E55W,-0.5267291584498018,EA55W,A.E.55.W,E,55,W,A
399,E55Y,-0.0246548487522546,EA55Y,A.E.55.Y,E,55,Y,A
400,A56A,0.4279868740103509,AA56A,A.A.56.A,A,56,A,A
401,A56C,1.1637378712179527,AA56C,A.A.56.C,A,56,C,A
402,A56D,0.868662800193827,AA56D,A.A.56.D,A,56,D,A
403,A56E,0.3572043154301363,AA56E,A.A.56.E,A,56,E,A
404,A56F,-0.0640642370627997,AA56F,A.A.56.F,A,56,F,A
405,A56G,1.2934235207116846,AA56G,A.A.56.G,A,56,G,A
406,A56H,0.1545260042019103,AA56H,A.A.56.H,A,56,H,A
407,A56I,-0.168740893419208,AA56I,A.A.56.I,A,56,I,A
408,A56K,0.0834908152139357,AA56K,A.A.56.K,A,56,K,A
409,A56L,-0.3551910014692638,AA56L,A.A.56.L,A,56,L,A
410,A56M,0.0446990514547851,AA56M,A.A.56.M,A,56,M,A
411,A56N,0.6212907600887718,AA56N,A.A.56.N,A,56,N,A
412,A56P,7.11727337790562,AA56P,A.A.56.P,A,56,P,A
413,A56Q,0.492286065059016,AA56Q,A.A.56.Q,A,56,Q,A
414,A56R,-0.2217829704599067,AA56R,A.A.56.R,A,56,R,A
415,A56S,0.8084613356473205,AA56S,A.A.56.S,A,56,S,A
416,A56T,0.4883371649635831,AA56T,A.A.56.T,A,56,T,A
417,A56V,0.0495242999274192,AA56V,A.A.56.V,A,56,V,A
418,A56W,-0.4376653761449356,AA56W,A.A.56.W,A,56,W,A
419,A56Y,0.0924143774228059,AA56Y,A.A.56.Y,A,56,Y,A
420,L57A,2.6452844847520485,LA57A,A.L.57.A,L,57,A,A
421,L57C,2.821819377352899,LA57C,A.L.57.C,L,57,C,A
422,L57D,3.205655957096154,LA57D,A.L.57.D,L,57,D,A
423,L57E,2.651298750228007,LA57E,A.L.57.E,L,57,E,A
424,L57F,0.9753948340985538,LA57F,A.L.57.F,L,57,F,A
425,L57G,3.6585168270037847,LA57G,A.L.57.G,L,57,G,A
426,L57H,1.9835833778108156,LA57H,A.L.57.H,L,57,H,A
427,L57I,0.8693567669356866,LA57I,A.L.57.I,L,57,I,A
428,L57K,2.236797039722943,LA57K,A.L.57.K,L,57,K,A
429,L57L,0.478914854149608,LA57L,A.L.57.L,L,57,L,A
430,L57M,1.0716728614287263,LA57M,A.L.57.M,L,57,M,A
431,L57N,2.49117858892048,LA57N,A.L.57.N,L,57,N,A
432,L57P,7.461668126878496,LA57P,A.L.57.P,L,57,P,A
433,L57Q,2.227530330490737,LA57Q,A.L.57.Q,L,57,Q,A
434,L57R,1.7552742963955048,LA57R,A.L.57.R,L,57,R,A
435,L57S,3.352097458213975,LA57S,A.L.57.S,L,57,S,A
436,L57T,2.4924550044797558,LA57T,A.L.57.T,L,57,T,A
437,L57V,1.2932170372585157,LA57V,A.L.57.V,L,57,V,A
438,L57W,0.9067007413466366,LA57W,A.L.57.W,L,57,W,A
439,L57Y,1.3962801278478736,LA57Y,A.L.57.Y,L,57,Y,A
440,F58A,3.9386249421183166,FA58A,A.F.58.A,F,58,A,A
441,F58C,4.278221251219477,FA58C,A.F.58.C,F,58,C,A
442,F58D,5.011104352837006,FA58D,A.F.58.D,F,58,D,A
443,F58E,4.622406035813597,FA58E,A.F.58.E,F,58,E,A
444,F58F,0.2893273575580984,FA58F,A.F.58.F,F,58,F,A
445,F58G,5.562697961614074,FA58G,A.F.58.G,F,58,G,A
446,F58H,2.404204333612728,FA58H,A.F.58.H,F,58,H,A
447,F58I,3.1434952459440866,FA58I,A.F.58.I,F,58,I,A
448,F58K,4.524665033411166,FA58K,A.F.58.K,F,58,K,A
449,F58L,2.3486718392256387,FA58L,A.F.58.L,F,58,L,A
450,F58M,2.5867755423805137,FA58M,A.F.58.M,F,58,M,A
451,F58N,3.756791135726437,FA58N,A.F.58.N,F,58,N,A
452,F58P,8.658495432342503,FA58P,A.F.58.P,F,58,P,A
453,F58Q,3.962678045154791,FA58Q,A.F.58.Q,F,58,Q,A
454,F58R,3.9343532889703807,FA58R,A.F.58.R,F,58,R,A
455,F58S,4.785105650310248,FA58S,A.F.58.S,F,58,S,A
456,F58T,4.167416160183697,FA58T,A.F.58.T,F,58,T,A
457,F58V,3.2332398825256874,FA58V,A.F.58.V,F,58,V,A
458,F58W,0.6938198745491481,FA58W,A.F.58.W,F,58,W,A
459,F58Y,0.7585428725509546,FA58Y,A.F.58.Y,F,58,Y,A
460,A59A,0.098906434037328,AA59A,A.A.59.A,A,59,A,A
461,A59C,0.8422492783095292,AA59C,A.A.59.C,A,59,C,A
462,A59D,0.4174657943079146,AA59D,A.A.59.D,A,59,D,A
463,A59E,0.0854540921039676,AA59E,A.A.59.E,A,59,E,A
464,A59F,-0.0855024900292272,AA59F,A.A.59.F,A,59,F,A
465,A59G,0.8229345487585998,AA59G,A.A.59.G,A,59,G,A
466,A59H,-0.0510262148738699,AA59H,A.A.59.H,A,59,H,A
467,A59I,-0.2185885253224706,AA59I,A.A.59.I,A,59,I,A
468,A59K,-0.1951727205966963,AA59K,A.A.59.K,A,59,K,A
469,A59L,-0.458621736065134,AA59L,A.A.59.L,A,59,L,A
470,A59M,-0.0335779642604688,AA59M,A.A.59.M,A,59,M,A
471,A59N,0.1671497181993569,AA59N,A.A.59.N,A,59,N,A
472,A59P,6.341773139521778,AA59P,A.A.59.P,A,59,P,A
473,A59Q,0.2314708436351265,AA59Q,A.A.59.Q,A,59,Q,A
474,A59R,-0.4573349487952122,AA59R,A.A.59.R,A,59,R,A
475,A59S,0.4337788333770309,AA59S,A.A.59.S,A,59,S,A
476,A59T,0.206378863429113,AA59T,A.A.59.T,A,59,T,A
477,A59V,-0.0426796263789941,AA59V,A.A.59.V,A,59,V,A
478,A59W,-0.6291076928010997,AA59W,A.A.59.W,A,59,W,A
479,A59Y,-0.0413958549075382,AA59Y,A.A.59.Y,A,59,Y,A
480,K60A,0.0283637129931502,KA60A,A.K.60.A,K,60,A,A
481,K60C,0.8431825569729536,KA60C,A.K.60.C,K,60,C,A
482,K60D,0.4601464349102147,KA60D,A.K.60.D,K,60,D,A
483,K60E,0.0243567082499268,KA60E,A.K.60.E,K,60,E,A
484,K60F,-0.1536166948147044,KA60F,A.K.60.F,K,60,F,A
485,K60G,0.9001268549541421,KA60G,A.K.60.G,K,60,G,A
486,K60H,-0.058800462841187,KA60H,A.K.60.H,K,60,H,A
487,K60I,-0.3941261019127651,KA60I,A.K.60.I,K,60,I,A
488,K60K,-0.0638618846320471,KA60K,A.K.60.K,K,60,K,A
489,K60L,-0.5221531828452752,KA60L,A.K.60.L,K,60,L,A
490,K60M,-0.1878976574408591,KA60M,A.K.60.M,K,60,M,A
491,K60N,0.2755426563989627,KA60N,A.K.60.N,K,60,N,A
492,K60P,6.122450405109698,KA60P,A.K.60.P,K,60,P,A
493,K60Q,0.1493628178668521,KA60Q,A.K.60.Q,K,60,Q,A
494,K60R,-0.3683977195419474,KA60R,A.K.60.R,K,60,R,A
495,K60S,0.4722348484733374,KA60S,A.K.60.S,K,60,S,A
496,K60T,0.1716412528851379,KA60T,A.K.60.T,K,60,T,A
497,K60V,-0.1840303891588723,KA60V,A.K.60.V,K,60,V,A
498,K60W,-0.6598465988827651,KA60W,A.K.60.W,K,60,W,A
499,K60Y,-0.1106225969389534,KA60Y,A.K.60.Y,K,60,Y,A
500,T61A,0.3803240553062315,TA61A,A.T.61.A,T,61,A,A
501,T61C,0.7224960984512981,TA61C,A.T.61.C,T,61,C,A
502,T61D,0.7997102579949766,TA61D,A.T.61.D,T,61,D,A
503,T61E,0.6508322680202746,TA61E,A.T.61.E,T,61,E,A
504,T61F,-0.3196806919623901,TA61F,A.T.61.F,T,61,F,A
505,T61G,1.273349962981073,TA61G,A.T.61.G,T,61,G,A
506,T61H,0.1300390558137176,TA61H,A.T.61.H,T,61,H,A
507,T61I,-0.4723168889215579,TA61I,A.T.61.I,T,61,I,A
508,T61K,0.5101751953147676,TA61K,A.T.61.K,T,61,K,A
509,T61L,-0.4831605427543028,TA61L,A.T.61.L,T,61,L,A
510,T61M,-0.1363148685461912,TA61M,A.T.61.M,T,61,M,A
511,T61N,0.3361565393963295,TA61N,A.T.61.N,T,61,N,A
512,T61P,3.1607107007596844,TA61P,A.T.61.P,T,61,P,A
513,T61Q,0.4276922695465029,TA61Q,A.T.61.Q,T,61,Q,A
514,T61R,0.0209129406015856,TA61R,A.T.61.R,T,61,R,A
515,T61S,0.5879519024612123,TA61S,A.T.61.S,T,61,S,A
516,T61T,0.2417246892851815,TA61T,A.T.61.T,T,61,T,A
517,T61V,-0.4211273627653411,TA61V,A.T.61.V,T,61,V,A
518,T61W,-0.3516533825109236,TA61W,A.T.61.W,T,61,W,A
519,T61Y,-0.1306863436153021,TA61Y,A.T.61.Y,T,61,Y,A
520,Q62A,0.2693965113566188,QA62A,A.Q.62.A,Q,62,A,A
521,Q62C,0.9275992707831868,QA62C,A.Q.62.C,Q,62,C,A
522,Q62D,0.6983790625444658,QA62D,A.Q.62.D,Q,62,D,A
523,Q62E,0.3851195358607051,QA62E,A.Q.62.E,Q,62,E,A
524,Q62F,-0.3562112979553689,QA62F,A.Q.62.F,Q,62,F,A
525,Q62G,1.3074663029877187,QA62G,A.Q.62.G,Q,62,G,A
526,Q62H,-0.0335385199782489,QA62H,A.Q.62.H,Q,62,H,A
527,Q62I,-0.0629606437644164,QA62I,A.Q.62.I,Q,62,I,A
528,Q62K,0.157346329669431,QA62K,A.Q.62.K,Q,62,K,A
529,Q62L,-0.5113499150112949,QA62L,A.Q.62.L,Q,62,L,A
530,Q62M,-0.1093866998888792,QA62M,A.Q.62.M,Q,62,M,A
531,Q62N,0.3599923452128323,QA62N,A.Q.62.N,Q,62,N,A
532,Q62P,0.6595487313372667,QA62P,A.Q.62.P,Q,62,P,A
533,Q62Q,0.3386281697409282,QA62Q,A.Q.62.Q,Q,62,Q,A
534,Q62R,-0.1644127905673381,QA62R,A.Q.62.R,Q,62,R,A
535,Q62S,0.5430340456172447,QA62S,A.Q.62.S,Q,62,S,A
536,Q62T,0.3743124192351799,QA62T,A.Q.62.T,Q,62,T,A
537,Q62V,0.0344743457826318,QA62V,A.Q.62.V,Q,62,V,A
538,Q62W,-0.6063582541040952,QA62W,A.Q.62.W,Q,62,W,A
539,Q62Y,-0.2590080545586476,QA62Y,A.Q.62.Y,Q,62,Y,A
540,Y63A,1.2173466431078015,YA63A,A.Y.63.A,Y,63,A,A
541,Y63C,1.5007342083117488,YA63C,A.Y.63.C,Y,63,C,A
542,Y63D,1.00048092493923,YA63D,A.Y.63.D,Y,63,D,A
543,Y63E,0.7547243312578591,YA63E,A.Y.63.E,Y,63,E,A
544,Y63F,-0.2250671122645242,YA63F,A.Y.63.F,Y,63,F,A
545,Y63G,2.226915659540887,YA63G,A.Y.63.G,Y,63,G,A
546,Y63H,0.2218758555925137,YA63H,A.Y.63.H,Y,63,H,A
547,Y63I,0.2315430842306431,YA63I,A.Y.63.I,Y,63,I,A
548,Y63K,0.8443791172273837,YA63K,A.Y.63.K,Y,63,K,A
549,Y63L,-0.0424551782854754,YA63L,A.Y.63.L,Y,63,L,A
550,Y63M,0.4292123597677705,YA63M,A.Y.63.M,Y,63,M,A
551,Y63N,0.74613522612472,YA63N,A.Y.63.N,Y,63,N,A
552,Y63P,2.859422967001614,YA63P,A.Y.63.P,Y,63,P,A
553,Y63Q,0.8878297308939587,YA63Q,A.Y.63.Q,Y,63,Q,A
554,Y63R,0.610009599919854,YA63R,A.Y.63.R,Y,63,R,A
555,Y63S,1.45229449343047,YA63S,A.Y.63.S,Y,63,S,A
556,Y63T,0.9385253388702488,YA63T,A.Y.63.T,Y,63,T,A
557,Y63V,0.4708576903903727,YA63V,A.Y.63.V,Y,63,V,A
558,Y63W,-0.3640331287262638,YA63W,A.Y.63.W,Y,63,W,A
559,Y63Y,-0.0500157203291717,YA63Y,A.Y.63.Y,Y,63,Y,A
560,P64A,0.4054811892516102,PA64A,A.P.64.A,P,64,A,A
561,P64C,0.9763188065158156,PA64C,A.P.64.C,P,64,C,A
562,P64D,2.164359269360138,PA64D,A.P.64.D,P,64,D,A
563,P64E,1.655931313739433,PA64E,A.P.64.E,P,64,E,A
564,P64F,0.690442448158863,PA64F,A.P.64.F,P,64,F,A
565,P64G,1.9442760465461044,PA64G,A.P.64.G,P,64,G,A
566,P64H,1.322405124216655,PA64H,A.P.64.H,P,64,H,A
567,P64I,0.2889312238713704,PA64I,A.P.64.I,P,64,I,A
568,P64K,2.7316800738729405,PA64K,A.P.64.K,P,64,K,A
569,P64L,0.4019821739150792,PA64L,A.P.64.L,P,64,L,A
570,P64M,0.5895321508049586,PA64M,A.P.64.M,P,64,M,A
571,P64N,1.3585355787283064,PA64N,A.P.64.N,P,64,N,A
572,P64P,2.185538439709556,PA64P,A.P.64.P,P,64,P,A
573,P64Q,1.2655052241146103,PA64Q,A.P.64.Q,P,64,Q,A
574,P64R,2.02413841223062,PA64R,A.P.64.R,P,64,R,A
575,P64S,1.3098954453916114,PA64S,A.P.64.S,P,64,S,A
576,P64T,0.912930299630027,PA64T,A.P.64.T,P,64,T,A
577,P64V,0.2641683926303589,PA64V,A.P.64.V,P,64,V,A
578,P64W,1.302238617803659,PA64W,A.P.64.W,P,64,W,A
579,P64Y,1.3566518355023516,PA64Y,A.P.64.Y,P,64,Y,A
580,D65A,1.328713731119238,DA65A,A.D.65.A,D,65,A,A
581,D65C,1.7370435785736345,DA65C,A.D.65.C,D,65,C,A
582,D65D,0.7166159115831966,DA65D,A.D.65.D,D,65,D,A
583,D65E,1.0524915909448846,DA65E,A.D.65.E,D,65,E,A
584,D65F,1.2041886525621448,DA65F,A.D.65.F,D,65,F,A
585,D65G,1.8145211474378613,DA65G,A.D.65.G,D,65,G,A
586,D65H,0.8173597027244425,DA65H,A.D.65.H,D,65,H,A
587,D65I,1.3021775458746254,DA65I,A.D.65.I,D,65,I,A
588,D65K,1.3240229414677842,DA65K,A.D.65.K,D,65,K,A
589,D65L,0.9643056605681384,DA65L,A.D.65.L,D,65,L,A
590,D65M,1.2556109213305655,DA65M,A.D.65.M,D,65,M,A
591,D65N,0.6027000300680077,DA65N,A.D.65.N,D,65,N,A
592,D65P,2.790746080051636,DA65P,A.D.65.P,D,65,P,A
593,D65Q,1.380287564346243,DA65Q,A.D.65.Q,D,65,Q,A
594,D65R,1.1739123028040783,DA65R,A.D.65.R,D,65,R,A
595,D65S,1.0602465623467088,DA65S,A.D.65.S,D,65,S,A
596,D65T,1.1804617211503716,DA65T,A.D.65.T,D,65,T,A
597,D65V,1.221834868853413,DA65V,A.D.65.V,D,65,V,A
598,D65W,0.8657584623131159,DA65W,A.D.65.W,D,65,W,A
599,D65Y,1.0459488459422783,DA65Y,A.D.65.Y,D,65,Y,A
600,V66A,0.47109162269515,VA66A,A.V.66.A,V,66,A,A
601,V66C,1.2007143514595124,VA66C,A.V.66.C,V,66,C,A
602,V66D,0.7634511506495747,VA66D,A.V.66.D,V,66,D,A
603,V66E,0.4902876802027878,VA66E,A.V.66.E,V,66,E,A
604,V66F,-0.1296933234128183,VA66F,A.V.66.F,V,66,F,A
605,V66G,1.147329426126816,VA66G,A.V.66.G,V,66,G,A
606,V66H,0.0219606141362915,VA66H,A.V.66.H,V,66,H,A
607,V66I,-0.1571281808471081,VA66I,A.V.66.I,V,66,I,A
608,V66K,0.3343094649327632,VA66K,A.V.66.K,V,66,K,A
609,V66L,-0.2714865844319775,VA66L,A.V.66.L,V,66,L,A
610,V66M,0.1833928502625853,VA66M,A.V.66.M,V,66,M,A
611,V66N,0.5454389625105951,VA66N,A.V.66.N,V,66,N,A
612,V66P,2.331204177330092,VA66P,A.V.66.P,V,66,P,A
613,V66Q,0.470008742734882,VA66Q,A.V.66.Q,V,66,Q,A
614,V66R,-0.1338838530283842,VA66R,A.V.66.R,V,66,R,A
615,V66S,0.7299752913409346,VA66S,A.V.66.S,V,66,S,A
616,V66T,0.4526519990400052,VA66T,A.V.66.T,V,66,T,A
617,V66V,0.0885679647242315,VA66V,A.V.66.V,V,66,V,A
618,V66W,-0.3397887068315658,VA66W,A.V.66.W,V,66,W,A
619,V66Y,0.0294559195548671,VA66Y,A.V.66.Y,V,66,Y,A
620,Y67A,0.3795689590928719,YA67A,A.Y.67.A,Y,67,A,A
621,Y67C,1.0025145630517245,YA67C,A.Y.67.C,Y,67,C,A
622,Y67D,0.2678280925831444,YA67D,A.Y.67.D,Y,67,D,A
623,Y67E,0.0749761077318339,YA67E,A.Y.67.E,Y,67,E,A
624,Y67F,-0.1341663363625239,YA67F,A.Y.67.F,Y,67,F,A
625,Y67G,1.054925001428187,YA67G,A.Y.67.G,Y,67,G,A
626,Y67H,-0.0585149947079338,YA67H,A.Y.67.H,Y,67,H,A
627,Y67I,0.0065926267713156,YA67I,A.Y.67.I,Y,67,I,A
628,Y67K,0.1061418144029024,YA67K,A.Y.67.K,Y,67,K,A
629,Y67L,-0.1283152217419764,YA67L,A.Y.67.L,Y,67,L,A
630,Y67M,0.0605033216214934,YA67M,A.Y.67.M,Y,67,M,A
631,Y67N,0.2967814305483612,YA67N,A.Y.67.N,Y,67,N,A
632,Y67P,2.9852507878675576,YA67P,A.Y.67.P,Y,67,P,A
633,Y67Q,0.317199408278771,YA67Q,A.Y.67.Q,Y,67,Q,A
634,Y67R,-0.0821739555527867,YA67R,A.Y.67.R,Y,67,R,A
635,Y67S,0.4015066090008073,YA67S,A.Y.67.S,Y,67,S,A
636,Y67T,0.2956348793589225,YA67T,A.Y.67.T,Y,67,T,A
637,Y67V,0.1017260700265293,YA67V,A.Y.67.V,Y,67,V,A
638,Y67W,-0.5152833054355344,YA67W,A.Y.67.W,Y,67,W,A
639,Y67Y,-0.0904665426643147,YA67Y,A.Y.67.Y,Y,67,Y,A
640,A68A,0.2888235048602205,AA68A,A.A.68.A,A,68,A,A
641,A68C,1.007471363812999,AA68C,A.A.68.C,A,68,C,A
642,A68D,0.4414807442024449,AA68D,A.A.68.D,A,68,D,A
643,A68E,0.1050204421032779,AA68E,A.A.68.E,A,68,E,A
644,A68F,0.0137302918729115,AA68F,A.A.68.F,A,68,F,A
645,A68G,1.1001065630309736,AA68G,A.A.68.G,A,68,G,A
646,A68H,0.0159523812039164,AA68H,A.A.68.H,A,68,H,A
647,A68I,-0.1992554006234026,AA68I,A.A.68.I,A,68,I,A
648,A68K,0.0006858047040758,AA68K,A.A.68.K,A,68,K,A
649,A68L,-0.3272561911626553,AA68L,A.A.68.L,A,68,L,A
650,A68M,-0.0180580939510011,AA68M,A.A.68.M,A,68,M,A
651,A68N,0.4594095688714139,AA68N,A.A.68.N,A,68,N,A
652,A68P,3.75538559208112,AA68P,A.A.68.P,A,68,P,A
653,A68Q,0.1895871595853571,AA68Q,A.A.68.Q,A,68,Q,A
654,A68R,-0.1644516522655409,AA68R,A.A.68.R,A,68,R,A
655,A68S,0.6667130186784559,AA68S,A.A.68.S,A,68,S,A
656,A68T,0.4305765352458168,AA68T,A.A.68.T,A,68,T,A
657,A68V,0.0369964045746701,AA68V,A.A.68.V,A,68,V,A
658,A68W,-0.4409162399349969,AA68W,A.A.68.W,A,68,W,A
659,A68Y,-0.0115385259081335,AA68Y,A.A.68.Y,A,68,Y,A
660,R69A,2.0575237929150485,RA69A,A.R.69.A,R,69,A,A
661,R69C,2.2303177284482323,RA69C,A.R.69.C,R,69,C,A
662,R69D,3.473730994637647,RA69D,A.R.69.D,R,69,D,A
663,R69E,2.750506245712535,RA69E,A.R.69.E,R,69,E,A
664,R69F,1.1058079382050396,RA69F,A.R.69.F,R,69,F,A
665,R69G,3.443676451279245,RA69G,A.R.69.G,R,69,G,A
666,R69H,1.9509987003229785,RA69H,A.R.69.H,R,69,H,A
667,R69I,1.347128468817842,RA69I,A.R.69.I,R,69,I,A
668,R69K,2.069010745409744,RA69K,A.R.69.K,R,69,K,A
669,R69L,0.8791028760654548,RA69L,A.R.69.L,R,69,L,A
670,R69M,1.2788365836066828,RA69M,A.R.69.M,R,69,M,A
671,R69N,2.161158623362045,RA69N,A.R.69.N,R,69,N,A
672,R69P,7.6917781637949,RA69P,A.R.69.P,R,69,P,A
673,R69Q,2.078167540506883,RA69Q,A.R.69.Q,R,69,Q,A
674,R69R,1.654438332482056,RA69R,A.R.69.R,R,69,R,A
675,R69S,2.911614988262529,RA69S,A.R.69.S,R,69,S,A
676,R69T,2.29120077766739,RA69T,A.R.69.T,R,69,T,A
677,R69V,1.5060260501902372,RA69V,A.R.69.V,R,69,V,A
678,R69W,1.1048481481241403,RA69W,A.R.69.W,R,69,W,A
679,R69Y,1.4602015640900194,RA69Y,A.R.69.Y,R,69,Y,A
680,E70A,0.6003477177075228,EA70A,A.E.70.A,E,70,A,A
681,E70C,1.0936403740691087,EA70C,A.E.70.C,E,70,C,A
682,E70D,0.7420443879747673,EA70D,A.E.70.D,E,70,D,A
683,E70E,0.33551264127681,EA70E,A.E.70.E,E,70,E,A
684,E70F,-0.2665544738688197,EA70F,A.E.70.F,E,70,F,A
685,E70G,1.567671717790139,EA70G,A.E.70.G,E,70,G,A
686,E70H,0.1466215025315898,EA70H,A.E.70.H,E,70,H,A
687,E70I,-0.4980440926787322,EA70I,A.E.70.I,E,70,I,A
688,E70K,0.385056802396988,EA70K,A.E.70.K,E,70,K,A
689,E70L,-0.6882165526876727,EA70L,A.E.70.L,E,70,L,A
690,E70M,-0.0879259941054366,EA70M,A.E.70.M,E,70,M,A
691,E70N,0.5950974911617098,EA70N,A.E.70.N,E,70,N,A
692,E70P,5.793965336124988,EA70P,A.E.70.P,E,70,P,A
693,E70Q,0.4358218568053884,EA70Q,A.E.70.Q,E,70,Q,A
694,E70R,0.0493920989815954,EA70R,A.E.70.R,E,70,R,A
695,E70S,0.9323806475099627,EA70S,A.E.70.S,E,70,S,A
696,E70T,0.5055776599675706,EA70T,A.E.70.T,E,70,T,A
697,E70V,-0.3331955283059679,EA70V,A.E.70.V,E,70,V,A
698,E70W,-0.532614772677345,EA70W,A.E.70.W,E,70,W,A
699,E70Y,-0.1323126206814662,EA70Y,A.E.70.Y,E,70,Y,A
700,E71A,0.2682143992956654,EA71A,A.E.71.A,E,71,A,A
701,E71C,1.129118916096955,EA71C,A.E.71.C,E,71,C,A
702,E71D,0.5168564367390466,EA71D,A.E.71.D,E,71,D,A
703,E71E,0.2245162585278859,EA71E,A.E.71.E,E,71,E,A
704,E71F,0.079071766458289,EA71F,A.E.71.F,E,71,F,A
705,E71G,1.1364309115417364,EA71G,A.E.71.G,E,71,G,A
706,E71H,0.2024851583681414,EA71H,A.E.71.H,E,71,H,A
707,E71I,-0.0410423787164992,EA71I,A.E.71.I,E,71,I,A
708,E71K,0.1498544871194507,EA71K,A.E.71.K,E,71,K,A
709,E71L,-0.285478524113838,EA71L,A.E.71.L,E,71,L,A
710,E71M,0.1824932007114654,EA71M,A.E.71.M,E,71,M,A
711,E71N,0.4708790266591256,EA71N,A.E.71.N,E,71,N,A
712,E71P,6.401443058047258,EA71P,A.E.71.P,E,71,P,A
713,E71Q,0.3932966888657041,EA71Q,A.E.71.Q,E,71,Q,A
714,E71R,-0.0322370477703076,EA71R,A.E.71.R,E,71,R,A
715,E71S,0.6713443617227438,EA71S,A.E.71.S,E,71,S,A
716,E71T,0.4757159757794099,EA71T,A.E.71.T,E,71,T,A
717,E71V,0.1643992004939665,EA71V,A.E.71.V,E,71,V,A
718,E71W,-0.4589615680435432,EA71W,A.E.71.W,E,71,W,A
719,E71Y,0.1304646503069584,EA71Y,A.E.71.Y,E,71,Y,A
720,V72A,2.432062898593571,VA72A,A.V.72.A,V,72,A,A
721,V72C,2.4182050217215885,VA72C,A.V.72.C,V,72,C,A
722,V72D,3.6148954858892273,VA72D,A.V.72.D,V,72,D,A
723,V72E,3.190239504014696,VA72E,A.V.72.E,V,72,E,A
724,V72F,2.2205005140793004,VA72F,A.V.72.F,V,72,F,A
725,V72G,4.327353880276654,VA72G,A.V.72.G,V,72,G,A
726,V72H,2.7677125746786246,VA72H,A.V.72.H,V,72,H,A
727,V72I,0.3963687569949842,VA72I,A.V.72.I,V,72,I,A
728,V72K,3.9660834865979937,VA72K,A.V.72.K,V,72,K,A
729,V72L,0.8146308013220146,VA72L,A.V.72.L,V,72,L,A
730,V72M,1.7646771354774475,VA72M,A.V.72.M,V,72,M,A
731,V72N,2.520453902162917,VA72N,A.V.72.N,V,72,N,A
732,V72P,5.818648326485628,VA72P,A.V.72.P,V,72,P,A
733,V72Q,2.670600215789897,VA72Q,A.V.72.Q,V,72,Q,A
734,V72R,3.2951809990748995,VA72R,A.V.72.R,V,72,R,A
735,V72S,3.2070835333347123,VA72S,A.V.72.S,V,72,S,A
736,V72T,2.055032044687906,VA72T,A.V.72.T,V,72,T,A
737,V72V,0.5853601911572853,VA72V,A.V.72.V,V,72,V,A
738,V72W,2.859420879189527,VA72W,A.V.72.W,V,72,W,A
739,V72Y,2.869340429137082,VA72Y,A.V.72.Y,V,72,Y,A
740,A73A,1.1802968372842284,AA73A,A.A.73.A,A,73,A,A
741,A73C,1.9683258172875928,AA73C,A.A.73.C,A,73,C,A
742,A73D,4.266818568914766,AA73D,A.A.73.D,A,73,D,A
743,A73E,4.863912521311995,AA73E,A.A.73.E,A,73,E,A
744,A73F,3.2100152158551984,AA73F,A.A.73.F,A,73,F,A
745,A73G,2.2992830918997584,AA73G,A.A.73.G,A,73,G,A
746,A73H,3.541612781671488,AA73H,A.A.73.H,A,73,H,A
747,A73I,3.7675870004379752,AA73I,A.A.73.I,A,73,I,A
748,A73K,5.256299991320997,AA73K,A.A.73.K,A,73,K,A
749,A73L,3.755664862030087,AA73L,A.A.73.L,A,73,L,A
750,A73M,3.612074673798678,AA73M,A.A.73.M,A,73,M,A
751,A73N,3.113695186164012,AA73N,A.A.73.N,A,73,N,A
752,A73P,9.028679284258711,AA73P,A.A.73.P,A,73,P,A
753,A73Q,3.913051456347543,AA73Q,A.A.73.Q,A,73,Q,A
754,A73R,4.511027219315056,AA73R,A.A.73.R,A,73,R,A
755,A73S,1.85558100288614,AA73S,A.A.73.S,A,73,S,A
756,A73T,2.444281959225591,AA73T,A.A.73.T,A,73,T,A
757,A73V,2.677715853303121,AA73V,A.A.73.V,A,73,V,A
758,A73W,3.761626381935158,AA73W,A.A.73.W,A,73,W,A
759,A73Y,3.884859247996716,AA73Y,A.A.73.Y,A,73,Y,A
760,L74A,0.6847083234488823,LA74A,A.L.74.A,L,74,A,A
761,L74C,1.4482452533489414,LA74C,A.L.74.C,L,74,C,A
762,L74D,0.8888653346031485,LA74D,A.L.74.D,L,74,D,A
763,L74E,0.6835228990622794,LA74E,A.L.74.E,L,74,E,A
764,L74F,0.5154789019491196,LA74F,A.L.74.F,L,74,F,A
765,L74G,1.4142657183578082,LA74G,A.L.74.G,L,74,G,A
766,L74H,0.5218207544918946,LA74H,A.L.74.H,L,74,H,A
767,L74I,0.244350589492624,LA74I,A.L.74.I,L,74,I,A
768,L74K,0.5123707994576423,LA74K,A.L.74.K,L,74,K,A
769,L74L,0.1403220712909975,LA74L,A.L.74.L,L,74,L,A
770,L74M,0.6282382242956641,LA74M,A.L.74.M,L,74,M,A
771,L74N,0.9382658382669036,LA74N,A.L.74.N,L,74,N,A
772,L74P,6.469830332095616,LA74P,A.L.74.P,L,74,P,A
773,L74Q,0.8949836732084556,LA74Q,A.L.74.Q,L,74,Q,A
774,L74R,0.3396053156322676,LA74R,A.L.74.R,L,74,R,A
775,L74S,1.0255321282068213,LA74S,A.L.74.S,L,74,S,A
776,L74T,0.9166018673230693,LA74T,A.L.74.T,L,74,T,A
777,L74V,0.4822422381781543,LA74V,A.L.74.V,L,74,V,A
778,L74W,0.0907586061654242,LA74W,A.L.74.W,L,74,W,A
779,L74Y,0.5355223272599846,LA74Y,A.L.74.Y,L,74,Y,A
780,K75A,0.5828740299154134,KA75A,A.K.75.A,K,75,A,A
781,K75C,1.163807922995158,KA75C,A.K.75.C,K,75,C,A
782,K75D,1.179977915342705,KA75D,A.K.75.D,K,75,D,A
783,K75E,0.8324055162728933,KA75E,A.K.75.E,K,75,E,A
784,K75F,0.0294149247782071,KA75F,A.K.75.F,K,75,F,A
785,K75G,1.5626555762903744,KA75G,A.K.75.G,K,75,G,A
786,K75H,0.3643055138716738,KA75H,A.K.75.H,K,75,H,A
787,K75I,0.0784537604743201,KA75I,A.K.75.I,K,75,I,A
788,K75K,0.4371701426116764,KA75K,A.K.75.K,K,75,K,A
789,K75L,-0.2590694956029676,KA75L,A.K.75.L,K,75,L,A
790,K75M,0.2081456170216095,KA75M,A.K.75.M,K,75,M,A
791,K75N,0.6167298054442912,KA75N,A.K.75.N,K,75,N,A
792,K75P,6.637779892739199,KA75P,A.K.75.P,K,75,P,A
793,K75Q,0.6732777016737096,KA75Q,A.K.75.Q,K,75,Q,A
794,K75R,-0.0309625048371642,KA75R,A.K.75.R,K,75,R,A
795,K75S,1.033953168274235,KA75S,A.K.75.S,K,75,S,A
796,K75T,0.6521376542306653,KA75T,A.K.75.T,K,75,T,A
797,K75V,0.2186052340239364,KA75V,A.K.75.V,K,75,V,A
798,K75W,-0.2796893520004084,KA75W,A.K.75.W,K,75,W,A
799,K75Y,0.2113901028879367,KA75Y,A.K.75.Y,K,75,Y,A
800,I76A,3.2073169879437398,IA76A,A.I.76.A,I,76,A,A
801,I76C,2.9204550637175144,IA76C,A.I.76.C,I,76,C,A
802,I76D,4.3389397856955085,IA76D,A.I.76.D,I,76,D,A
803,I76E,4.033529728546844,IA76E,A.I.76.E,I,76,E,A
804,I76F,2.7059036890098374,IA76F,A.I.76.F,I,76,F,A
805,I76G,5.192070065677463,IA76G,A.I.76.G,I,76,G,A
806,I76H,3.405181717633646,IA76H,A.I.76.H,I,76,H,A
807,I76I,0.9043987336393368,IA76I,A.I.76.I,I,76,I,A
808,I76K,5.47921312103364,IA76K,A.I.76.K,I,76,K,A
809,I76L,1.0030970289588172,IA76L,A.I.76.L,I,76,L,A
810,I76M,1.796738286395741,IA76M,A.I.76.M,I,76,M,A
811,I76N,2.8886666514110764,IA76N,A.I.76.N,I,76,N,A
812,I76P,6.995436196993907,IA76P,A.I.76.P,I,76,P,A
813,I76Q,3.187850117621717,IA76Q,A.I.76.Q,I,76,Q,A
814,I76R,4.51697699499486,IA76R,A.I.76.R,I,76,R,A
815,I76S,3.992795730856863,IA76S,A.I.76.S,I,76,S,A
816,I76T,2.5747877169827773,IA76T,A.I.76.T,I,76,T,A
817,I76V,0.9712540497309524,IA76V,A.I.76.V,I,76,V,A
818,I76W,4.236486707625493,IA76W,A.I.76.W,I,76,W,A
819,I76Y,3.768651231655239,IA76Y,A.I.76.Y,I,76,Y,A
820,N77A,0.832089362098248,NA77A,A.N.77.A,N,77,A,A
821,N77C,1.3242831717679198,NA77C,A.N.77.C,N,77,C,A
822,N77D,0.3645345102691838,NA77D,A.N.77.D,N,77,D,A
823,N77E,0.53511194495057,NA77E,A.N.77.E,N,77,E,A
824,N77F,0.6036283321762012,NA77F,A.N.77.F,N,77,F,A
825,N77G,0.8386358608547758,NA77G,A.N.77.G,N,77,G,A
826,N77H,0.3409220781245042,NA77H,A.N.77.H,N,77,H,A
827,N77I,1.5636682113518945,NA77I,A.N.77.I,N,77,I,A
828,N77K,0.3307017619525654,NA77K,A.N.77.K,N,77,K,A
829,N77L,0.5575992944152904,NA77L,A.N.77.L,N,77,L,A
830,N77M,0.7716504570152685,NA77M,A.N.77.M,N,77,M,A
831,N77N,0.3355576033949492,NA77N,A.N.77.N,N,77,N,A
832,N77P,5.080516860266124,NA77P,A.N.77.P,N,77,P,A
833,N77Q,0.7752700839822121,NA77Q,A.N.77.Q,N,77,Q,A
834,N77R,0.3063086531283787,NA77R,A.N.77.R,N,77,R,A
835,N77S,0.7749465987630518,NA77S,A.N.77.S,N,77,S,A
836,N77T,1.2629910269082996,NA77T,A.N.77.T,N,77,T,A
837,N77V,1.2895699091577555,NA77V,A.N.77.V,N,77,V,A
838,N77W,0.2475840276874719,NA77W,A.N.77.W,N,77,W,A
839,N77Y,0.656731052411822,NA77Y,A.N.77.Y,N,77,Y,A
840,L78A,2.965921410730973,LA78A,A.L.78.A,L,78,A,A
841,L78C,3.127198114637794,LA78C,A.L.78.C,L,78,C,A
842,L78D,3.95992019776264,LA78D,A.L.78.D,L,78,D,A
843,L78E,3.355447863108556,LA78E,A.L.78.E,L,78,E,A
844,L78F,1.28667883435203,LA78F,A.L.78.F,L,78,F,A
845,L78G,4.560170742847733,LA78G,A.L.78.G,L,78,G,A
846,L78H,2.2484218913911094,LA78H,A.L.78.H,L,78,H,A
847,L78I,1.381933151021575,LA78I,A.L.78.I,L,78,I,A
848,L78K,3.275797669771233,LA78K,A.L.78.K,L,78,K,A
849,L78L,0.8956956103568022,LA78L,A.L.78.L,L,78,L,A
850,L78M,1.5231232525988128,LA78M,A.L.78.M,L,78,M,A
851,L78N,2.9101562973557864,LA78N,A.L.78.N,L,78,N,A
852,L78P,7.65690691720325,LA78P,A.L.78.P,L,78,P,A
853,L78Q,2.6215026449649126,LA78Q,A.L.78.Q,L,78,Q,A
854,L78R,2.4618395243545845,LA78R,A.L.78.R,L,78,R,A
855,L78S,3.782411943062332,LA78S,A.L.78.S,L,78,S,A
856,L78T,2.945215178691328,LA78T,A.L.78.T,L,78,T,A
857,L78V,1.5802666257688098,LA78V,A.L.78.V,L,78,V,A
858,L78W,1.796308405164813,LA78W,A.L.78.W,L,78,W,A
859,L78Y,1.9237346598390024,LA78Y,A.L.78.Y,L,78,Y,A
860,P79A,-0.480145979503887,PA79A,A.P.79.A,P,79,A,A
861,P79C,0.4071353469309735,PA79C,A.P.79.C,P,79,C,A
862,P79D,-0.7647223940300213,PA79D,A.P.79.D,P,79,D,A
863,P79E,-0.972394098508042,PA79E,A.P.79.E,P,79,E,A
864,P79F,-0.8839700065068107,PA79F,A.P.79.F,P,79,F,A
865,P79G,0.2525165066429624,PA79G,A.P.79.G,P,79,G,A
866,P79H,-0.9121107135877888,PA79H,A.P.79.H,P,79,H,A
867,P79I,-0.8070120608939263,PA79I,A.P.79.I,P,79,I,A
868,P79K,-0.6923395875670424,PA79K,A.P.79.K,P,79,K,A
869,P79L,-0.9260536246804184,PA79L,A.P.79.L,P,79,L,A
870,P79M,-0.6164818539727812,PA79M,A.P.79.M,P,79,M,A
871,P79N,-0.4816176955097839,PA79N,A.P.79.N,P,79,N,A
872,P79P,-0.1125436048807432,PA79P,A.P.79.P,P,79,P,A
873,P79Q,-0.4866045629049065,PA79Q,A.P.79.Q,P,79,Q,A
874,P79R,-0.7815488297542122,PA79R,A.P.79.R,P,79,R,A
875,P79S,-0.3729738150494188,PA79S,A.P.79.S,P,79,S,A
876,P79T,-0.4350468070550101,PA79T,A.P.79.T,P,79,T,A
877,P79V,-0.5408215476756656,PA79V,A.P.79.V,P,79,V,A
878,P79W,-1.2054248558334335,PA79W,A.P.79.W,P,79,W,A
879,P79Y,-0.7698542981411599,PA79Y,A.P.79.Y,P,79,Y,A
880,E80A,0.5805406114393147,EA80A,A.E.80.A,E,80,A,A
881,E80C,1.2619979949719569,EA80C,A.E.80.C,E,80,C,A
882,E80D,0.7080779374728985,EA80D,A.E.80.D,E,80,D,A
883,E80E,0.5347542472085759,EA80E,A.E.80.E,E,80,E,A
884,E80F,-0.0902598125122561,EA80F,A.E.80.F,E,80,F,A
885,E80G,1.4936872448817888,EA80G,A.E.80.G,E,80,G,A
886,E80H,0.2447677710324336,EA80H,A.E.80.H,E,80,H,A
887,E80I,-0.0615453423988771,EA80I,A.E.80.I,E,80,I,A
888,E80K,0.5948751329109853,EA80K,A.E.80.K,E,80,K,A
889,E80L,-0.1993217011433745,EA80L,A.E.80.L,E,80,L,A
890,E80M,0.1572843353657133,EA80M,A.E.80.M,E,80,M,A
891,E80N,0.7863302772235187,EA80N,A.E.80.N,E,80,N,A
892,E80P,1.0508409463567607,EA80P,A.E.80.P,E,80,P,A
893,E80Q,0.6469947683809798,EA80Q,A.E.80.Q,E,80,Q,A
894,E80R,0.3864874796423895,EA80R,A.E.80.R,E,80,R,A
895,E80S,0.786240187118129,EA80S,A.E.80.S,E,80,S,A
896,E80T,0.6689015894838853,EA80T,A.E.80.T,E,80,T,A
897,E80V,0.197661967607759,EA80V,A.E.80.V,E,80,V,A
898,E80W,-0.3618172994926055,EA80W,A.E.80.W,E,80,W,A
899,E80Y,0.0470387994474047,EA80Y,A.E.80.Y,E,80,Y,A
900,S81A,0.3211730579754457,SA81A,A.S.81.A,S,81,A,A
901,S81C,1.1106706788681278,SA81C,A.S.81.C,S,81,C,A
902,S81D,-0.0915082382988613,SA81D,A.S.81.D,S,81,D,A
903,S81E,-0.0889707374127724,SA81E,A.S.81.E,S,81,E,A
904,S81F,-0.4664125170211664,SA81F,A.S.81.F,S,81,F,A
905,S81G,0.8277037208088008,SA81G,A.S.81.G,S,81,G,A
906,S81H,-0.4372595133838386,SA81H,A.S.81.H,S,81,H,A
907,S81I,0.0109512453493926,SA81I,A.S.81.I,S,81,I,A
908,S81K,0.1901081977251928,SA81K,A.S.81.K,S,81,K,A
909,S81L,-0.3656618799120753,SA81L,A.S.81.L,S,81,L,A
910,S81M,-0.0190439487281696,SA81M,A.S.81.M,S,81,M,A
911,S81N,0.1781891619450254,SA81N,A.S.81.N,S,81,N,A
912,S81P,1.3611608027904951,SA81P,A.S.81.P,S,81,P,A
913,S81Q,0.2884470621519902,SA81Q,A.S.81.Q,S,81,Q,A
914,S81R,0.1351162384009924,SA81R,A.S.81.R,S,81,R,A
915,S81S,0.2806483092398099,SA81S,A.S.81.S,S,81,S,A
916,S81T,0.3177612649543637,SA81T,A.S.81.T,S,81,T,A
917,S81V,0.1532972107671137,SA81V,A.S.81.V,S,81,V,A
918,S81W,-0.8686415271241166,SA81W,A.S.81.W,S,81,W,A
919,S81Y,-0.3095359445816359,SA81Y,A.S.81.Y,S,81,Y,A
920,R82A,1.263443550791387,RA82A,A.R.82.A,R,82,A,A
921,R82C,1.600932313703498,RA82C,A.R.82.C,R,82,C,A
922,R82D,1.947206671570272,RA82D,A.R.82.D,R,82,D,A
923,R82E,1.4796084837113106,RA82E,A.R.82.E,R,82,E,A
924,R82F,0.4925016110633451,RA82F,A.R.82.F,R,82,F,A
925,R82G,2.4062367321130904,RA82G,A.R.82.G,R,82,G,A
926,R82H,0.990146664146188,RA82H,A.R.82.H,R,82,H,A
927,R82I,0.2388102692692673,RA82I,A.R.82.I,R,82,I,A
928,R82K,1.2620637538647443,RA82K,A.R.82.K,R,82,K,A
929,R82L,0.3696087100295181,RA82L,A.R.82.L,R,82,L,A
930,R82M,0.9234702476304726,RA82M,A.R.82.M,R,82,M,A
931,R82N,1.4653663404274222,RA82N,A.R.82.N,R,82,N,A
932,R82P,5.681570237638566,RA82P,A.R.82.P,R,82,P,A
933,R82Q,1.3712821989624828,RA82Q,A.R.82.Q,R,82,Q,A
934,R82R,0.9197522221793866,RA82R,A.R.82.R,R,82,R,A
935,R82S,1.842247788245971,RA82S,A.R.82.S,R,82,S,A
936,R82T,1.325803447296635,RA82T,A.R.82.T,R,82,T,A
937,R82V,0.3393783343122053,RA82V,A.R.82.V,R,82,V,A
938,R82W,0.0899720059364062,RA82W,A.R.82.W,R,82,W,A
939,R82Y,0.6003294846401058,RA82Y,A.R.82.Y,R,82,Y,A
940,V83A,3.022267250401909,VA83A,A.V.83.A,V,83,A,A
941,V83C,2.732105082570985,VA83C,A.V.83.C,V,83,C,A
942,V83D,4.638233118075714,VA83D,A.V.83.D,V,83,D,A
943,V83E,4.392268857098582,VA83E,A.V.83.E,V,83,E,A
944,V83F,2.771042608250148,VA83F,A.V.83.F,V,83,F,A
945,V83G,5.436816034872948,VA83G,A.V.83.G,V,83,G,A
946,V83H,3.8791048503897896,VA83H,A.V.83.H,V,83,H,A
947,V83I,0.2373067735972861,VA83I,A.V.83.I,V,83,I,A
948,V83K,6.634239091242118,VA83K,A.V.83.K,V,83,K,A
949,V83L,0.8337904654550093,VA83L,A.V.83.L,V,83,L,A
950,V83M,1.9256557730510544,VA83M,A.V.83.M,V,83,M,A
951,V83N,3.0337146861833,VA83N,A.V.83.N,V,83,N,A
952,V83P,6.31093803513316,VA83P,A.V.83.P,V,83,P,A
953,V83Q,3.3407450719875675,VA83Q,A.V.83.Q,V,83,Q,A
954,V83R,5.586683437019389,VA83R,A.V.83.R,V,83,R,A
955,V83S,4.069704202440181,VA83S,A.V.83.S,V,83,S,A
956,V83T,2.468350180016226,VA83T,A.V.83.T,V,83,T,A
957,V83V,0.4266070461349808,VA83V,A.V.83.V,V,83,V,A
958,V83W,5.602858099148489,VA83W,A.V.83.W,V,83,W,A
959,V83Y,4.761509384671371,VA83Y,A.V.83.Y,V,83,Y,A
960,Q84A,0.0252919755041108,QA84A,A.Q.84.A,Q,84,A,A
961,Q84C,0.8449459028595957,QA84C,A.Q.84.C,Q,84,C,A
962,Q84D,0.4286728123830757,QA84D,A.Q.84.D,Q,84,D,A
963,Q84E,0.0175154562016249,QA84E,A.Q.84.E,Q,84,E,A
964,Q84F,-0.4734821139520118,QA84F,A.Q.84.F,Q,84,F,A
965,Q84G,0.9505335085370415,QA84G,A.Q.84.G,Q,84,G,A
966,Q84H,-0.274289828820346,QA84H,A.Q.84.H,Q,84,H,A
967,Q84I,-0.4145618418068653,QA84I,A.Q.84.I,Q,84,I,A
968,Q84K,-0.0508790622011351,QA84K,A.Q.84.K,Q,84,K,A
969,Q84L,-0.7536915588702314,QA84L,A.Q.84.L,Q,84,L,A
970,Q84M,-0.3944248185280685,QA84M,A.Q.84.M,Q,84,M,A
971,Q84N,0.2401718722688345,QA84N,A.Q.84.N,Q,84,N,A
972,Q84P,5.863503645332615,QA84P,A.Q.84.P,Q,84,P,A
973,Q84Q,0.0204213328842933,QA84Q,A.Q.84.Q,Q,84,Q,A
974,Q84R,-0.4223770373934349,QA84R,A.Q.84.R,Q,84,R,A
975,Q84S,0.5514061134675682,QA84S,A.Q.84.S,Q,84,S,A
976,Q84T,0.1645353471948102,QA84T,A.Q.84.T,Q,84,T,A
977,Q84V,-0.2693883372837574,QA84V,A.Q.84.V,Q,84,V,A
978,Q84W,-1.1036320082449496,QA84W,A.Q.84.W,Q,84,W,A
979,Q84Y,-0.3810054360547854,QA84Y,A.Q.84.Y,Q,84,Y,A
980,V85A,0.5800260076601088,VA85A,A.V.85.A,V,85,A,A
981,V85C,1.1315724690983986,VA85C,A.V.85.C,V,85,C,A
982,V85D,0.6581179658178066,VA85D,A.V.85.D,V,85,D,A
983,V85E,0.3915650520990943,VA85E,A.V.85.E,V,85,E,A
984,V85F,0.1132969770404146,VA85F,A.V.85.F,V,85,F,A
985,V85G,1.379567245067396,VA85G,A.V.85.G,V,85,G,A
986,V85H,0.3050966040119585,VA85H,A.V.85.H,V,85,H,A
987,V85I,-0.1573366990530206,VA85I,A.V.85.I,V,85,I,A
988,V85K,0.4198632874261515,VA85K,A.V.85.K,V,85,K,A
989,V85L,-0.2827572602184391,VA85L,A.V.85.L,V,85,L,A
990,V85M,0.1192348344041976,VA85M,A.V.85.M,V,85,M,A
991,V85N,0.573336306387244,VA85N,A.V.85.N,V,85,N,A
992,V85P,7.165422738354645,VA85P,A.V.85.P,V,85,P,A
993,V85Q,0.510669907686608,VA85Q,A.V.85.Q,V,85,Q,A
994,V85R,0.2042143793018075,VA85R,A.V.85.R,V,85,R,A
995,V85S,0.8974105133303436,VA85S,A.V.85.S,V,85,S,A
996,V85T,0.602154357723696,VA85T,A.V.85.T,V,85,T,A
997,V85V,0.1698416999619789,VA85V,A.V.85.V,V,85,V,A
998,V85W,-0.2781327065803762,VA85W,A.V.85.W,V,85,W,A
999,V85Y,0.2479020848011764,VA85Y,A.V.85.Y,V,85,Y,A
1000,W86A,5.565308114638576,WA86A,A.W.86.A,W,86,A,A
1001,W86C,5.988513953133499,WA86C,A.W.86.C,W,86,C,A
1002,W86D,6.600205627476628,WA86D,A.W.86.D,W,86,D,A
1003,W86E,6.333091733560808,WA86E,A.W.86.E,W,86,E,A
1004,W86F,1.7984377561061369,WA86F,A.W.86.F,W,86,F,A
1005,W86G,7.007519549560379,WA86G,A.W.86.G,W,86,G,A
1006,W86H,3.9153153562868073,WA86H,A.W.86.H,W,86,H,A
1007,W86I,4.604936737039052,WA86I,A.W.86.I,W,86,I,A
1008,W86K,5.968346493889227,WA86K,A.W.86.K,W,86,K,A
1009,W86L,3.9768294944085545,WA86L,A.W.86.L,W,86,L,A
1010,W86M,4.067506946248624,WA86M,A.W.86.M,W,86,M,A
1011,W86N,5.537184136461741,WA86N,A.W.86.N,W,86,N,A
1012,W86P,9.10158715073162,WA86P,A.W.86.P,W,86,P,A
1013,W86Q,5.746968636296926,WA86Q,A.W.86.Q,W,86,Q,A
1014,W86R,5.370052522953023,WA86R,A.W.86.R,W,86,R,A
1015,W86S,6.406518918102863,WA86S,A.W.86.S,W,86,S,A
1016,W86T,5.684455132750125,WA86T,A.W.86.T,W,86,T,A
1017,W86V,4.895851118378912,WA86V,A.W.86.V,W,86,V,A
1018,W86W,2.3279333785208776,WA86W,A.W.86.W,W,86,W,A
1019,W86Y,2.2357721373055592,WA86Y,A.W.86.Y,W,86,Y,A
1020,F87A,4.803769323417943,FA87A,A.F.87.A,F,87,A,A
1021,F87C,5.233817628459088,FA87C,A.F.87.C,F,87,C,A
1022,F87D,5.966238709595608,FA87D,A.F.87.D,F,87,D,A
1023,F87E,5.394816659692426,FA87E,A.F.87.E,F,87,E,A
1024,F87F,0.911382401412841,FA87F,A.F.87.F,F,87,F,A
1025,F87G,6.780675215970704,FA87G,A.F.87.G,F,87,G,A
1026,F87H,3.468777616969654,FA87H,A.F.87.H,F,87,H,A
1027,F87I,3.934718002459719,FA87I,A.F.87.I,F,87,I,A
1028,F87K,6.282857397813157,FA87K,A.F.87.K,F,87,K,A
1029,F87L,2.9261164538887257,FA87L,A.F.87.L,F,87,L,A
1030,F87M,3.113699957001675,FA87M,A.F.87.M,F,87,M,A
1031,F87N,4.690944414025349,FA87N,A.F.87.N,F,87,N,A
1032,F87P,11.287451795299916,FA87P,A.F.87.P,F,87,P,A
1033,F87Q,4.666463037590421,FA87Q,A.F.87.Q,F,87,Q,A
1034,F87R,5.155757233194363,FA87R,A.F.87.R,F,87,R,A
1035,F87S,6.004170559431548,FA87S,A.F.87.S,F,87,S,A
1036,F87T,5.092564263281327,FA87T,A.F.87.T,F,87,T,A
1037,F87V,4.2404370289010895,FA87V,A.F.87.V,F,87,V,A
1038,F87W,1.373946851271515,FA87W,A.F.87.W,F,87,W,A
1039,F87Y,1.380094604453377,FA87Y,A.F.87.Y,F,87,Y,A
1040,K88A,0.1638636801888454,KA88A,A.K.88.A,K,88,A,A
1041,K88C,0.8522259591824141,KA88C,A.K.88.C,K,88,C,A
1042,K88D,0.4532915595538933,KA88D,A.K.88.D,K,88,D,A
1043,K88E,0.1304430557031921,KA88E,A.K.88.E,K,88,E,A
1044,K88F,-0.2323726506476775,KA88F,A.K.88.F,K,88,F,A
1045,K88G,1.0388903797094828,KA88G,A.K.88.G,K,88,G,A
1046,K88H,-0.0086488901802583,KA88H,A.K.88.H,K,88,H,A
1047,K88I,-0.4671719702852489,KA88I,A.K.88.I,K,88,I,A
1048,K88K,0.1778332968074875,KA88K,A.K.88.K,K,88,K,A
1049,K88L,-0.6241452044493678,KA88L,A.K.88.L,K,88,L,A
1050,K88M,-0.1959884308193726,KA88M,A.K.88.M,K,88,M,A
1051,K88N,0.3089130692882913,KA88N,A.K.88.N,K,88,N,A
1052,K88P,6.968399174171123,KA88P,A.K.88.P,K,88,P,A
1053,K88Q,0.1937281773136617,KA88Q,A.K.88.Q,K,88,Q,A
1054,K88R,-0.217683157731392,KA88R,A.K.88.R,K,88,R,A
1055,K88S,0.6004106027297292,KA88S,A.K.88.S,K,88,S,A
1056,K88T,0.2408479529245832,KA88T,A.K.88.T,K,88,T,A
1057,K88V,-0.1807205686505431,KA88V,A.K.88.V,K,88,V,A
1058,K88W,-0.6177994675757764,KA88W,A.K.88.W,K,88,W,A
1059,K88Y,-0.1524871571884561,KA88Y,A.K.88.Y,K,88,Y,A
1060,N89A,-0.0908939144400733,NA89A,A.N.89.A,N,89,A,A
1061,N89C,0.5650712305055563,NA89C,A.N.89.C,N,89,C,A
1062,N89D,0.1639138561061331,NA89D,A.N.89.D,N,89,D,A
1063,N89E,-0.0835756186850628,NA89E,A.N.89.E,N,89,E,A
1064,N89F,-0.6414151986010158,NA89F,A.N.89.F,N,89,F,A
1065,N89G,0.7488272771626336,NA89G,A.N.89.G,N,89,G,A
1066,N89H,-0.3438876547885572,NA89H,A.N.89.H,N,89,H,A
1067,N89I,-0.6449382454119001,NA89I,A.N.89.I,N,89,I,A
1068,N89K,-0.1288359989654591,NA89K,A.N.89.K,N,89,K,A
1069,N89L,-0.8958860881541691,NA89L,A.N.89.L,N,89,L,A
1070,N89M,-0.5077763511097982,NA89M,A.N.89.M,N,89,M,A
1071,N89N,-0.1296467910625931,NA89N,A.N.89.N,N,89,N,A
1072,N89P,6.994229885205786,NA89P,A.N.89.P,N,89,P,A
1073,N89Q,-0.085008216921591,NA89Q,A.N.89.Q,N,89,Q,A
1074,N89R,-0.5417795371936435,NA89R,A.N.89.R,N,89,R,A
1075,N89S,0.3574390770736418,NA89S,A.N.89.S,N,89,S,A
1076,N89T,0.0662286941056555,NA89T,A.N.89.T,N,89,T,A
1077,N89V,-0.452850213646882,NA89V,A.N.89.V,N,89,V,A
1078,N89W,-1.009688825156262,NA89W,A.N.89.W,N,89,W,A
1079,N89Y,-0.4820868006727169,NA89Y,A.N.89.Y,N,89,Y,A
1080,R90A,1.4722692290242752,RA90A,A.R.90.A,R,90,A,A
1081,R90C,1.9954209144447344,RA90C,A.R.90.C,R,90,C,A
1082,R90D,2.745625068353855,RA90D,A.R.90.D,R,90,D,A
1083,R90E,2.154087755060748,RA90E,A.R.90.E,R,90,E,A
1084,R90F,0.4586019537326308,RA90F,A.R.90.F,R,90,F,A
1085,R90G,2.751277354535058,RA90G,A.R.90.G,R,90,G,A
1086,R90H,1.2065897914615902,RA90H,A.R.90.H,R,90,H,A
1087,R90I,0.9697236700107096,RA90I,A.R.90.I,R,90,I,A
1088,R90K,1.6442199634554877,RA90K,A.R.90.K,R,90,K,A
1089,R90L,0.5672198843612211,RA90L,A.R.90.L,R,90,L,A
1090,R90M,1.0644829295157232,RA90M,A.R.90.M,R,90,M,A
1091,R90N,1.85596993125753,RA90N,A.R.90.N,R,90,N,A
1092,R90P,7.451978271456112,RA90P,A.R.90.P,R,90,P,A
1093,R90Q,1.6508351976453135,RA90Q,A.R.90.Q,R,90,Q,A
1094,R90R,0.957589257890334,RA90R,A.R.90.R,R,90,R,A
1095,R90S,2.260798335036536,RA90S,A.R.90.S,R,90,S,A
1096,R90T,1.906192032144532,RA90T,A.R.90.T,R,90,T,A
1097,R90V,0.9871108072899216,RA90V,A.R.90.V,R,90,V,A
1098,R90W,0.1420986478471109,RA90W,A.R.90.W,R,90,W,A
1099,R90Y,0.5607699183907902,RA90Y,A.R.90.Y,R,90,Y,A
1100,R91A,1.2904262876646613,RA91A,A.R.91.A,R,91,A,A
1101,R91C,1.9035381672574507,RA91C,A.R.91.C,R,91,C,A
1102,R91D,2.2696585386415733,RA91D,A.R.91.D,R,91,D,A
1103,R91E,1.9835892774870467,RA91E,A.R.91.E,R,91,E,A
1104,R91F,0.9030113976946176,RA91F,A.R.91.F,R,91,F,A
1105,R91G,2.605235607184745,RA91G,A.R.91.G,R,91,G,A
1106,R91H,1.495934028918852,RA91H,A.R.91.H,R,91,H,A
1107,R91I,0.5042654176386002,RA91I,A.R.91.I,R,91,I,A
1108,R91K,1.647744242639056,RA91K,A.R.91.K,R,91,K,A
1109,R91L,-0.2095311412688433,RA91L,A.R.91.L,R,91,L,A
1110,R91M,0.5230148084167765,RA91M,A.R.91.M,R,91,M,A
1111,R91N,1.4828875860961397,RA91N,A.R.91.N,R,91,N,A
1112,R91P,7.328647440601115,RA91P,A.R.91.P,R,91,P,A
1113,R91Q,1.2272706408523106,RA91Q,A.R.91.Q,R,91,Q,A
1114,R91R,1.0780558527631627,RA91R,A.R.91.R,R,91,R,A
1115,R91S,2.240115945090515,RA91S,A.R.91.S,R,91,S,A
1116,R91T,1.962072177524828,RA91T,A.R.91.T,R,91,T,A
1117,R91V,1.01241053981532,RA91V,A.R.91.V,R,91,V,A
1118,R91W,0.6419554637258659,RA91W,A.R.91.W,R,91,W,A
1119,R91Y,1.2748807515534148,RA91Y,A.R.91.Y,R,91,Y,A
1120,A92A,0.424600812196606,AA92A,A.A.92.A,A,92,A,A
1121,A92C,0.9160341362414044,AA92C,A.A.92.C,A,92,C,A
1122,A92D,0.5040946437530697,AA92D,A.A.92.D,A,92,D,A
1123,A92E,0.195944110607687,AA92E,A.A.92.E,A,92,E,A
1124,A92F,-0.2814681670109636,AA92F,A.A.92.F,A,92,F,A
1125,A92G,0.9863433334921212,AA92G,A.A.92.G,A,92,G,A
1126,A92H,-0.0630589330310027,AA92H,A.A.92.H,A,92,H,A
1127,A92I,-0.4672145932010046,AA92I,A.A.92.I,A,92,I,A
1128,A92K,0.1072727502721204,AA92K,A.A.92.K,A,92,K,A
1129,A92L,-0.5985774859400578,AA92L,A.A.92.L,A,92,L,A
1130,A92M,-0.1614299164313509,AA92M,A.A.92.M,A,92,M,A
1131,A92N,0.3039959922033663,AA92N,A.A.92.N,A,92,N,A
1132,A92P,7.353341934685,AA92P,A.A.92.P,A,92,P,A
1133,A92Q,0.2562818265937822,AA92Q,A.A.92.Q,A,92,Q,A
1134,A92R,-0.1779510547961221,AA92R,A.A.92.R,A,92,R,A
1135,A92S,0.6948988887669488,AA92S,A.A.92.S,A,92,S,A
1136,A92T,0.3134303856140713,AA92T,A.A.92.T,A,92,T,A
1137,A92V,-0.2233220999051055,AA92V,A.A.92.V,A,92,V,A
1138,A92W,-0.5292816068067346,AA92W,A.A.92.W,A,92,W,A
1139,A92Y,-0.0944513517570344,AA92Y,A.A.92.Y,A,92,Y,A
1140,K93A,0.0340145102119376,KA93A,A.K.93.A,K,93,A,A
1141,K93C,0.8491894266596028,KA93C,A.K.93.C,K,93,C,A
1142,K93D,0.3796848665084512,KA93D,A.K.93.D,K,93,D,A
1143,K93E,-0.0009842948557498,KA93E,A.K.93.E,K,93,E,A
1144,K93F,-0.2066677355199619,KA93F,A.K.93.F,K,93,F,A
1145,K93G,0.7755809165868255,KA93G,A.K.93.G,K,93,G,A
1146,K93H,-0.2781177801018203,KA93H,A.K.93.H,K,93,H,A
1147,K93I,-0.2471572351360379,KA93I,A.K.93.I,K,93,I,A
1148,K93K,-0.0413464130908702,KA93K,A.K.93.K,K,93,K,A
1149,K93L,-0.6474893919198416,KA93L,A.K.93.L,K,93,L,A
1150,K93M,-0.2799608082249916,KA93M,A.K.93.M,K,93,M,A
1151,K93N,0.067523958951598,KA93N,A.K.93.N,K,93,N,A
1152,K93P,5.130518099757024,KA93P,A.K.93.P,K,93,P,A
1153,K93Q,0.2216137174725146,KA93Q,A.K.93.Q,K,93,Q,A
1154,K93R,-0.4357407096393018,KA93R,A.K.93.R,K,93,R,A
1155,K93S,0.3139793086844444,KA93S,A.K.93.S,K,93,S,A
1156,K93T,0.1176418280585156,KA93T,A.K.93.T,K,93,T,A
1157,K93V,-0.1466242471195322,KA93V,A.K.93.V,K,93,V,A
1158,K93W,-0.6558618421928036,KA93W,A.K.93.W,K,93,W,A
1159,K93Y,-0.1578526174845179,KA93Y,A.K.93.Y,K,93,Y,A
1160,C94A,-0.2354860132492564,CA94A,A.C.94.A,C,94,A,A
1161,C94C,0.5390612576479331,CA94C,A.C.94.C,C,94,C,A
1162,C94D,0.2571320331122195,CA94D,A.C.94.D,C,94,D,A
1163,C94E,-0.1708952150625825,CA94E,A.C.94.E,C,94,E,A
1164,C94F,-1.069579431611262,CA94F,A.C.94.F,C,94,F,A
1165,C94G,0.972007910826982,CA94G,A.C.94.G,C,94,G,A
1166,C94H,-0.5911095009317491,CA94H,A.C.94.H,C,94,H,A
1167,C94I,-0.9888506352031234,CA94I,A.C.94.I,C,94,I,A
1168,C94K,-0.1797684490423201,CA94K,A.C.94.K,C,94,K,A
1169,C94L,-1.192309611538478,CA94L,A.C.94.L,C,94,L,A
1170,C94M,-0.5916935566363501,CA94M,A.C.94.M,C,94,M,A
1171,C94N,0.0333300784389883,CA94N,A.C.94.N,C,94,N,A
1172,C94P,5.578002934428228,CA94P,A.C.94.P,C,94,P,A
1173,C94Q,-0.135883181580898,CA94Q,A.C.94.Q,C,94,Q,A
1174,C94R,-0.7539163228692541,CA94R,A.C.94.R,C,94,R,A
1175,C94S,0.3341272238039922,CA94S,A.C.94.S,C,94,S,A
1176,C94T,-0.1338614276307032,CA94T,A.C.94.T,C,94,T,A
1177,C94V,-0.7043050101940235,CA94V,A.C.94.V,C,94,V,A
1178,C94W,-1.629372995384758,CA94W,A.C.94.W,C,94,W,A
1179,C94Y,-0.9118338791478188,CA94Y,A.C.94.Y,C,94,Y,A
1180,R95A,0.439723505901673,RA95A,A.R.95.A,R,95,A,A
1181,R95C,1.2715722496298276,RA95C,A.R.95.C,R,95,C,A
1182,R95D,0.6469467925129962,RA95D,A.R.95.D,R,95,D,A
1183,R95E,0.3261088453989558,RA95E,A.R.95.E,R,95,E,A
1184,R95F,0.1520896045970465,RA95F,A.R.95.F,R,95,F,A
1185,R95G,1.2665252860219367,RA95G,A.R.95.G,R,95,G,A
1186,R95H,0.2093529023164703,RA95H,A.R.95.H,R,95,H,A
1187,R95I,-0.0345686114678367,RA95I,A.R.95.I,R,95,I,A
1188,R95K,0.2933441516816892,RA95K,A.R.95.K,R,95,K,A
1189,R95L,-0.3576934079832067,RA95L,A.R.95.L,R,95,L,A
1190,R95M,0.116714782169861,RA95M,A.R.95.M,R,95,M,A
1191,R95N,0.5824884299788208,RA95N,A.R.95.N,R,95,N,A
1192,R95P,6.448684938509521,RA95P,A.R.95.P,R,95,P,A
1193,R95Q,0.4683253098127976,RA95Q,A.R.95.Q,R,95,Q,A
1194,R95R,0.0126713748267792,RA95R,A.R.95.R,R,95,R,A
1195,R95S,0.8392839108364089,RA95S,A.R.95.S,R,95,S,A
1196,R95T,0.562878286629245,RA95T,A.R.95.T,R,95,T,A
1197,R95V,0.2338925260839791,RA95V,A.R.95.V,R,95,V,A
1198,R95W,-0.4175407572828082,RA95W,A.R.95.W,R,95,W,A
1199,R95Y,0.1899009161002712,RA95Y,A.R.95.Y,R,95,Y,A
1200,Q96A,-0.2380585135816532,QA96A,A.Q.96.A,Q,96,A,A
1201,Q96C,0.6183791174736566,QA96C,A.Q.96.C,Q,96,C,A
1202,Q96D,0.0800477269677341,QA96D,A.Q.96.D,Q,96,D,A
1203,Q96E,-0.3541609717163035,QA96E,A.Q.96.E,Q,96,E,A
1204,Q96F,-0.5480831871447867,QA96F,A.Q.96.F,Q,96,F,A
1205,Q96G,0.7908413448304558,QA96G,A.Q.96.G,Q,96,G,A
1206,Q96H,-0.4431417745584559,QA96H,A.Q.96.H,Q,96,H,A
1207,Q96I,-0.6930929124202145,QA96I,A.Q.96.I,Q,96,I,A
1208,Q96K,-0.3793952047686405,QA96K,A.Q.96.K,Q,96,K,A
1209,Q96L,-0.871229012823036,QA96L,A.Q.96.L,Q,96,L,A
1210,Q96M,-0.5016642025224827,QA96M,A.Q.96.M,Q,96,M,A
1211,Q96N,0.0264427854686477,QA96N,A.Q.96.N,Q,96,N,A
1212,Q96P,6.434983709672586,QA96P,A.Q.96.P,Q,96,P,A
1213,Q96Q,-0.1690986069753774,QA96Q,A.Q.96.Q,Q,96,Q,A
1214,Q96R,-0.6314405483202656,QA96R,A.Q.96.R,Q,96,R,A
1215,Q96S,0.2953515506020465,QA96S,A.Q.96.S,Q,96,S,A
1216,Q96T,-0.1120214854554657,QA96T,A.Q.96.T,Q,96,T,A
1217,Q96V,-0.5184379564401781,QA96V,A.Q.96.V,Q,96,V,A
1218,Q96W,-0.9943751971162372,QA96W,A.Q.96.W,Q,96,W,A
1219,Q96Y,-0.4924653123507516,QA96Y,A.Q.96.Y,Q,96,Y,A
1220,Q97A,0.0697777513617231,QA97A,A.Q.97.A,Q,97,A,A
1221,Q97C,0.994818597642339,QA97C,A.Q.97.C,Q,97,C,A
1222,Q97D,0.4927141127799322,QA97D,A.Q.97.D,Q,97,D,A
1223,Q97E,0.0658066346409408,QA97E,A.Q.97.E,Q,97,E,A
1224,Q97F,-0.2114517156198414,QA97F,A.Q.97.F,Q,97,F,A
1225,Q97G,1.1501262087348054,QA97G,A.Q.97.G,Q,97,G,A
1226,Q97H,-0.1012892218957711,QA97H,A.Q.97.H,Q,97,H,A
1227,Q97I,-0.4901779130297412,QA97I,A.Q.97.I,Q,97,I,A
1228,Q97K,0.0072684344268009,QA97K,A.Q.97.K,Q,97,K,A
1229,Q97L,-0.7453433878602628,QA97L,A.Q.97.L,Q,97,L,A
1230,Q97M,-0.3504878162207703,QA97M,A.Q.97.M,Q,97,M,A
1231,Q97N,0.3764528332540362,QA97N,A.Q.97.N,Q,97,N,A
1232,Q97P,6.418351712954935,QA97P,A.Q.97.P,Q,97,P,A
1233,Q97Q,0.186078925087888,QA97Q,A.Q.97.Q,Q,97,Q,A
1234,Q97R,-0.3285700746359604,QA97R,A.Q.97.R,Q,97,R,A
1235,Q97S,0.5690212056860727,QA97S,A.Q.97.S,Q,97,S,A
1236,Q97T,0.1610604935278092,QA97T,A.Q.97.T,Q,97,T,A
1237,Q97V,-0.3108401635344882,QA97V,A.Q.97.V,Q,97,V,A
1238,Q97W,-0.6680061414791733,QA97W,A.Q.97.W,Q,97,W,A
1239,Q97Y,-0.1799126700786618,QA97Y,A.Q.97.Y,Q,97,Y,A
1240,R98A,0.5584106796650231,RA98A,A.R.98.A,R,98,A,A
1241,R98C,1.3123661465024743,RA98C,A.R.98.C,R,98,C,A
1242,R98D,0.963101510069398,RA98D,A.R.98.D,R,98,D,A
1243,R98E,0.6266129003772682,RA98E,A.R.98.E,R,98,E,A
1244,R98F,0.250178813831669,RA98F,A.R.98.F,R,98,F,A
1245,R98G,1.4183188656731978,RA98G,A.R.98.G,R,98,G,A
1246,R98H,0.386470832612954,RA98H,A.R.98.H,R,98,H,A
1247,R98I,0.0587693859662225,RA98I,A.R.98.I,R,98,I,A
1248,R98K,0.546460677160529,RA98K,A.R.98.K,R,98,K,A
1249,R98L,-0.2653483631749509,RA98L,A.R.98.L,R,98,L,A
1250,R98M,0.1361773064880678,RA98M,A.R.98.M,R,98,M,A
1251,R98N,0.755928030607122,RA98N,A.R.98.N,R,98,N,A
1252,R98P,6.561668519131811,RA98P,A.R.98.P,R,98,P,A
1253,R98Q,0.7040799638063683,RA98Q,A.R.98.Q,R,98,Q,A
1254,R98R,0.1046775888976542,RA98R,A.R.98.R,R,98,R,A
1255,R98S,0.8887951656287582,RA98S,A.R.98.S,R,98,S,A
1256,R98T,0.6551267495419955,RA98T,A.R.98.T,R,98,T,A
1257,R98V,0.3742045410476685,RA98V,A.R.98.V,R,98,V,A
1258,R98W,-0.2096052724392361,RA98W,A.R.98.W,R,98,W,A
1259,R98Y,0.4025036244357249,RA98Y,A.R.98.Y,R,98,Y,A
1260,Q99A,-0.2671308767584923,QA99A,A.Q.99.A,Q,99,A,A
1261,Q99C,0.402469660327438,QA99C,A.Q.99.C,Q,99,C,A
1262,Q99D,-0.0537208951754825,QA99D,A.Q.99.D,Q,99,D,A
1263,Q99E,-0.4937723955871481,QA99E,A.Q.99.E,Q,99,E,A
1264,Q99F,-0.671462538502729,QA99F,A.Q.99.F,Q,99,F,A
1265,Q99G,0.5913016619442091,QA99G,A.Q.99.G,Q,99,G,A
1266,Q99H,-0.5569589088450277,QA99H,A.Q.99.H,Q,99,H,A
1267,Q99I,-0.8489896273899,QA99I,A.Q.99.I,Q,99,I,A
1268,Q99K,-0.5284688302599949,QA99K,A.Q.99.K,Q,99,K,A
1269,Q99L,-1.1863454180302462,QA99L,A.Q.99.L,Q,99,L,A
1270,Q99M,-0.7462181576077936,QA99M,A.Q.99.M,Q,99,M,A
1271,Q99N,-0.1774844109507134,QA99N,A.Q.99.N,Q,99,N,A
1272,Q99P,5.632480909930528,QA99P,A.Q.99.P,Q,99,P,A
1273,Q99Q,-0.3393297441508064,QA99Q,A.Q.99.Q,Q,99,Q,A
1274,Q99R,-0.7694995954762801,QA99R,A.Q.99.R,Q,99,R,A
1275,Q99S,0.2100971341382318,QA99S,A.Q.99.S,Q,99,S,A
1276,Q99T,-0.2899232672653751,QA99T,A.Q.99.T,Q,99,T,A
1277,Q99V,-0.6079049231194711,QA99V,A.Q.99.V,Q,99,V,A
1278,Q99W,-1.1929812004874871,QA99W,A.Q.99.W,Q,99,W,A
1279,Q99Y,-0.633669960480055,QA99Y,A.Q.99.Y,Q,99,Y,A
1280,Q100A,-0.1526283338066714,QA100A,A.Q.100.A,Q,100,A,A
1281,Q100C,0.6707346847650638,QA100C,A.Q.100.C,Q,100,C,A
1282,Q100D,0.1424725808745608,QA100D,A.Q.100.D,Q,100,D,A
1283,Q100E,-0.2958968105740361,QA100E,A.Q.100.E,Q,100,E,A
1284,Q100F,-0.5761079330348312,QA100F,A.Q.100.F,Q,100,F,A
1285,Q100G,0.7635213274470956,QA100G,A.Q.100.G,Q,100,G,A
1286,Q100H,-0.4495807927938611,QA100H,A.Q.100.H,Q,100,H,A
1287,Q100I,-0.7275426431124432,QA100I,A.Q.100.I,Q,100,I,A
1288,Q100K,-0.3145750018292381,QA100K,A.Q.100.K,Q,100,K,A
1289,Q100L,-0.9086518532223796,QA100L,A.Q.100.L,Q,100,L,A
1290,Q100M,-0.5345657348748928,QA100M,A.Q.100.M,Q,100,M,A
1291,Q100N,0.0459695400165122,QA100N,A.Q.100.N,Q,100,N,A
1292,Q100P,6.434379132427456,QA100P,A.Q.100.P,Q,100,P,A
1293,Q100Q,-0.1526166410955853,QA100Q,A.Q.100.Q,Q,100,Q,A
1294,Q100R,-0.5320639468508814,QA100R,A.Q.100.R,Q,100,R,A
1295,Q100S,0.2334540851513916,QA100S,A.Q.100.S,Q,100,S,A
1296,Q100T,-0.083112258833003,QA100T,A.Q.100.T,Q,100,T,A
1297,Q100V,-0.4836090110578644,QA100V,A.Q.100.V,Q,100,V,A
1298,Q100W,-0.8984699385538947,QA100W,A.Q.100.W,Q,100,W,A
1299,Q100Y,-0.4259361747730833,QA100Y,A.Q.100.Y,Q,100,Y,A
1300,Q101A,-0.0433321096810829,QA101A,A.Q.101.A,Q,101,A,A
1301,Q101C,0.8848683490049544,QA101C,A.Q.101.C,Q,101,C,A
1302,Q101D,0.4298336350504778,QA101D,A.Q.101.D,Q,101,D,A
1303,Q101E,-0.0052618544845506,QA101E,A.Q.101.E,Q,101,E,A
1304,Q101F,-0.1487675012312134,QA101F,A.Q.101.F,Q,101,F,A
1305,Q101G,0.7016846135795868,QA101G,A.Q.101.G,Q,101,G,A
1306,Q101H,-0.0030229426231048,QA101H,A.Q.101.H,Q,101,H,A
1307,Q101I,-0.1833337356918873,QA101I,A.Q.101.I,Q,101,I,A
1308,Q101K,-0.1644073629827819,QA101K,A.Q.101.K,Q,101,K,A
1309,Q101L,-0.6882305693819912,QA101L,A.Q.101.L,Q,101,L,A
1310,Q101M,-0.1894477354856177,QA101M,A.Q.101.M,Q,101,M,A
1311,Q101N,0.1207223891807129,QA101N,A.Q.101.N,Q,101,N,A
1312,Q101P,6.236927769365144,QA101P,A.Q.101.P,Q,101,P,A
1313,Q101Q,-0.0088207195921574,QA101Q,A.Q.101.Q,Q,101,Q,A
1314,Q101R,-0.4079355765220371,QA101R,A.Q.101.R,Q,101,R,A
1315,Q101S,0.2791830196758216,QA101S,A.Q.101.S,Q,101,S,A
1316,Q101T,0.245943891784533,QA101T,A.Q.101.T,Q,101,T,A
1317,Q101V,0.0385161352792462,QA101V,A.Q.101.V,Q,101,V,A
1318,Q101W,-0.6327579664231903,QA101W,A.Q.101.W,Q,101,W,A
1319,Q101Y,-0.0600413741722699,QA101Y,A.Q.101.Y,Q,101,Y,A
1320,K102A,0.1232931860770614,KA102A,A.K.102.A,K,102,A,A
1321,K102C,0.925861172291825,KA102C,A.K.102.C,K,102,C,A
1322,K102D,0.3025284008995854,KA102D,A.K.102.D,K,102,D,A
1323,K102E,0.0046254941644363,KA102E,A.K.102.E,K,102,E,A
1324,K102F,0.0318872888935795,KA102F,A.K.102.F,K,102,F,A
1325,K102G,0.8613785826316397,KA102G,A.K.102.G,K,102,G,A
1326,K102H,-0.0365919140847809,KA102H,A.K.102.H,K,102,H,A
1327,K102I,-0.0162530243838948,KA102I,A.K.102.I,K,102,I,A
1328,K102K,-0.0310468309683092,KA102K,A.K.102.K,K,102,K,A
1329,K102L,-0.4158585741503079,KA102L,A.K.102.L,K,102,L,A
1330,K102M,-0.0931183486923176,KA102M,A.K.102.M,K,102,M,A
1331,K102N,0.2489060496068834,KA102N,A.K.102.N,K,102,N,A
1332,K102P,5.5288607538936585,KA102P,A.K.102.P,K,102,P,A
1333,K102Q,0.203386572452851,KA102Q,A.K.102.Q,K,102,Q,A
1334,K102R,-0.2664560441455837,KA102R,A.K.102.R,K,102,R,A
1335,K102S,0.388560973967933,KA102S,A.K.102.S,K,102,S,A
1336,K102T,0.2376250886173642,KA102T,A.K.102.T,K,102,T,A
1337,K102V,0.078032786715303,KA102V,A.K.102.V,K,102,V,A
1338,K102W,-0.3796474902589802,KA102W,A.K.102.W,K,102,W,A
1339,K102Y,0.0834352681070887,KA102Y,A.K.102.Y,K,102,Y,A
1340,Q103A,-0.2242662571120179,QA103A,A.Q.103.A,Q,103,A,A
1341,Q103C,0.572062997678382,QA103C,A.Q.103.C,Q,103,C,A
1342,Q103D,-0.1370767321442556,QA103D,A.Q.103.D,Q,103,D,A
1343,Q103E,-0.3366781692112386,QA103E,A.Q.103.E,Q,103,E,A
1344,Q103F,-0.2846087298380551,QA103F,A.Q.103.F,Q,103,F,A
1345,Q103G,0.5032456169405366,QA103G,A.Q.103.G,Q,103,G,A
1346,Q103H,-0.390672820675465,QA103H,A.Q.103.H,Q,103,H,A
1347,Q103I,-0.430707550131475,QA103I,A.Q.103.I,Q,103,I,A
1348,Q103K,-0.3027079700015761,QA103K,A.Q.103.K,Q,103,K,A
1349,Q103L,-0.7272374254391645,QA103L,A.Q.103.L,Q,103,L,A
1350,Q103M,-0.3391469410993158,QA103M,A.Q.103.M,Q,103,M,A
1351,Q103N,-0.1136607952983587,QA103N,A.Q.103.N,Q,103,N,A
1352,Q103P,4.169600733585904,QA103P,A.Q.103.P,Q,103,P,A
1353,Q103Q,-0.1302549809627318,QA103Q,A.Q.103.Q,Q,103,Q,A
1354,Q103R,-0.473476748877546,QA103R,A.Q.103.R,Q,103,R,A
1355,Q103S,0.0276347400526694,QA103S,A.Q.103.S,Q,103,S,A
1356,Q103T,-0.104804686242928,QA103T,A.Q.103.T,Q,103,T,A
1357,Q103V,-0.41746066000377,QA103V,A.Q.103.V,Q,103,V,A
1358,Q103W,-0.6868583968464259,QA103W,A.Q.103.W,Q,103,W,A
1359,Q103Y,-0.2025747097511426,QA103Y,A.Q.103.Y,Q,103,Y,A
1360,Q104A,-0.2236516847890157,QA104A,A.Q.104.A,Q,104,A,A
1361,Q104C,0.556002046705123,QA104C,A.Q.104.C,Q,104,C,A
1362,Q104D,-0.1256304484730303,QA104D,A.Q.104.D,Q,104,D,A
1363,Q104E,-0.1841470538602357,QA104E,A.Q.104.E,Q,104,E,A
1364,Q104F,-0.0523387288386495,QA104F,A.Q.104.F,Q,104,F,A
1365,Q104G,0.2692285606452999,QA104G,A.Q.104.G,Q,104,G,A
1366,Q104H,-0.2113387175231884,QA104H,A.Q.104.H,Q,104,H,A
1367,Q104I,-0.4134830309768533,QA104I,A.Q.104.I,Q,104,I,A
1368,Q104K,-0.2345950268191993,QA104K,A.Q.104.K,Q,104,K,A
1369,Q104L,-0.6400903266613889,QA104L,A.Q.104.L,Q,104,L,A
1370,Q104M,-0.2019614000170511,QA104M,A.Q.104.M,Q,104,M,A
1371,Q104N,-0.1719365575568621,QA104N,A.Q.104.N,Q,104,N,A
1372,Q104P,3.665148855001567,QA104P,A.Q.104.P,Q,104,P,A
1373,Q104Q,0.0738708844049196,QA104Q,A.Q.104.Q,Q,104,Q,A
1374,Q104R,-0.4316605362036635,QA104R,A.Q.104.R,Q,104,R,A
1375,Q104S,0.0051543276003701,QA104S,A.Q.104.S,Q,104,S,A
1376,Q104T,0.0013017578972096,QA104T,A.Q.104.T,Q,104,T,A
1377,Q104V,-0.2926919529603577,QA104V,A.Q.104.V,Q,104,V,A
1378,Q104W,-0.4932642317468344,QA104W,A.Q.104.W,Q,104,W,A
1379,Q104Y,-0.0153782767692511,QA104Y,A.Q.104.Y,Q,104,Y,A
