WT residue type,chain ID,Residue #,G,A,V,L,I,M,F,W,P,S,T,C,Y,N,Q,D,E,K,R,H,s,p,y
P,A,36,-0.09284,0.04602,0.16432,0.02471,0.14749,-0.0125,0.23926,-0.03062,-0.00025,-0.00287,0.1354,-0.00211,0.23857,0.00878,-0.24907,-0.1146,-0.1207,0.02313,0.04844,-0.00726,-0.11658,0.08868,-0.28546
R,A,37,0.03242,-0.04466,-0.02056,-0.16436,0.02128,-0.05278,-0.10703,-0.21943,-0.14403,0.02639,-0.13921,4e-05,-0.11969,-0.07765,-0.392,-0.30654,-0.76197,-0.10992,-0.00035,-0.04762,0.00078,-0.14197,-0.25061
K,A,38,1.55281,-0.03552,0.32477,-0.09584,0.20704,1.42137,0.04934,1.766,-0.32594,0.15748,0.2388,0.13235,0.02531,-0.29595,0.16322,-0.39261,0.00487,5e-05,0.19549,1.84649,0.08372,0.07938,-0.2105
Q,A,39,0.26055,0.13718,0.37671,0.19025,0.44509,0.18078,0.11947,0.15375,-0.30752,0.29612,0.22955,0.31845,0.27502,0.24188,-0.00648,-0.09285,-0.20845,0.20255,0.36172,0.34617,0.23492,0.24814,-0.06986
R,A,40,-0.09945,0.06847,0.09208,0.04179,0.04788,0.17191,0.16136,-0.10527,-0.35447,0.08558,-0.04184,-0.15428,0.19097,-0.15176,0.08891,-0.44962,-0.21117,-0.11368,-0.00059,0.07791,0.0382,-0.01354,-0.27304
R,A,41,0.00056,-0.31824,0.14813,-0.19043,0.00939,-0.06836,-0.05353,-0.0235,-1.39493,-0.08197,0.0005,0.04061,0.0053,-0.628,-0.55123,-0.38641,-0.71835,-0.16696,-0.00634,0.06155,-0.80693,-0.26202,-0.64119
E,A,42,0.42784,0.51106,0.71292,0.59157,0.67391,0.42562,0.48122,0.27518,-0.35715,0.60438,0.59614,0.5323,0.5307,0.59632,0.47086,0.33474,-0.00557,0.59204,0.60125,0.58486,0.25424,0.32929,-0.29237
R,A,43,0.212,0.09794,-0.04226,-0.15151,-0.07212,-0.08001,-0.09938,0.06247,0.01352,0.16573,-0.10418,-0.03737,-0.18951,0.05962,0.01259,-0.18713,-0.20754,0.08085,-0.03332,0.21191,-0.36074,-0.579,-0.48449
T,A,44,2.211,1.29972,-0.16652,-1.02642,-0.35284,-0.34038,-0.1239,1.90251,1.15391,1.64807,0.0033,0.79047,-0.06795,0.45611,1.19567,1.51003,1.02122,0.7441,1.47942,2.21352,2.71739,2.76592,0.07587
T,A,45,0.15622,0.23391,0.13989,-0.06292,-0.02721,-0.02746,-0.17314,-0.16178,-0.0648,0.19487,0.00022,0.23914,-0.14598,0.17887,0.05279,0.10588,-0.06426,0.10721,0.29442,0.36829,0.0202,-0.09523,-0.64804
F,A,46,4.40855,3.70011,2.64592,1.208,2.34274,0.71758,-0.01842,1.10983,3.27162,3.79161,3.30403,3.19499,0.5697,3.44468,3.16986,4.01217,3.33726,3.27544,4.12505,2.68833,4.75007,3.94491,1.64608
T,A,47,-0.44835,-0.40549,0.68142,-0.20805,0.40507,-0.45423,-0.14552,0.20131,0.58844,-0.91782,-0.00067,-0.55164,-0.11911,-0.5493,-0.35303,-1.22032,-0.36159,-0.39508,-0.35769,-0.27727,-1.13885,-0.67373,-0.41978
R,A,48,0.18902,-0.28353,0.20916,-0.0168,0.02997,-0.13754,-0.43111,0.11197,-0.50731,0.12586,-0.19784,0.44279,-0.25108,0.20622,0.10982,-0.24387,-0.17731,0.05151,-0.00024,0.39183,0.35609,0.24642,0.0205
S,A,49,-0.16187,-0.06346,0.76846,0.28806,0.4397,0.15245,-0.06567,-0.39454,-1.05433,-0.00018,0.0014,0.99407,0.164,0.28112,0.25227,-0.34539,-0.78567,0.23163,0.305,0.99137,-0.61514,-0.0067,-0.0785
Q,A,50,2.59448,1.16418,0.20937,0.50669,-0.20904,0.43537,0.15872,0.52285,0.15735,1.30794,0.97568,1.66154,0.25423,0.66252,-0.01212,1.75372,0.99132,1.30038,0.43957,2.59816,2.32969,3.38925,0.80862
L,A,51,1.69325,0.84719,0.69089,-0.00445,0.13431,0.20014,0.20829,1.00733,3.98737,1.73784,1.31925,1.53206,0.46327,1.04744,0.4676,0.30311,-0.43399,0.95933,1.4144,1.37038,-0.31785,0.15446,0.24277
E,A,52,0.74892,0.09036,0.60839,0.05453,0.18111,-0.15457,-0.10517,0.34614,2.00875,0.13392,0.32852,0.82914,-0.56342,0.87613,0.1358,0.56479,-0.00321,0.17583,0.4556,0.94039,0.38566,0.71577,-0.56082
E,A,53,1.29547,-0.06497,-0.03932,-0.64043,-0.52696,-0.80411,-0.73591,-0.14147,1.29956,0.80507,0.6292,0.57998,-0.61962,-0.21236,0.02131,0.85241,-0.01991,-0.04386,0.04849,0.24585,1.10423,1.43932,-0.54689
L,A,54,5.51052,3.69306,5.13521,-0.00023,4.23924,0.32662,3.5388,14.80386,5.65929,4.49331,4.05561,3.3755,7.40577,4.20526,4.36745,4.64451,4.25137,6.44579,10.89399,5.24076,8.97592,12.17332,21.11714
E,A,55,1.00272,0.50092,0.46374,-0.50918,-0.12646,-0.53812,0.2597,0.15688,5.30975,0.43763,0.49428,0.56352,0.29339,0.58925,0.15772,0.48381,-0.00042,-0.04819,0.43349,0.99304,0.33326,0.48788,-0.0015
A,A,56,0.83681,-0.0,0.72569,-0.10446,0.29691,-0.21703,-0.06379,-0.24955,2.6209,0.20585,0.9524,0.82357,-0.15628,0.16379,-0.13696,0.75948,0.40811,0.14376,0.17448,0.29421,1.02518,1.37443,0.30693
L,A,57,4.37639,3.01254,1.62735,-0.01224,1.24644,0.63225,1.27213,1.65791,5.76803,3.87244,2.69852,2.98904,2.15825,2.60153,2.04319,3.95362,3.25142,2.01825,2.80053,2.62137,5.02367,4.17561,1.74934
F,A,58,3.70419,2.12236,2.29797,0.79101,2.12406,0.12739,-0.0046,1.87083,8.46464,2.74004,3.25028,2.67681,0.4039,3.26958,2.87681,2.98249,2.82539,2.76001,2.90177,2.90369,4.2446,7.78401,1.06353
A,A,59,0.71371,-0.0,0.40537,-0.08382,0.06461,-0.07754,-0.00791,0.26248,3.26329,-0.14935,0.54429,0.6084,0.38226,0.30666,-0.21159,0.79596,0.33386,-0.03944,-0.1452,0.49737,0.89434,0.9342,0.44389
K,A,60,1.6131,0.61339,0.69503,0.1541,0.09009,-0.07863,0.19111,0.14853,2.21979,0.65098,0.44552,1.14956,0.23682,1.00443,0.12453,1.3646,0.73859,-0.01981,-0.08318,0.7122,1.37012,1.31844,0.27268
T,A,61,1.78576,1.25465,0.90913,0.77174,0.51712,-0.2416,1.20584,1.56214,3.55598,0.83442,8e-05,0.82064,1.33509,1.16535,0.86668,1.15858,1.70552,0.62677,0.52314,1.06557,2.16891,1.56415,1.13443
Q,A,62,0.86845,0.08481,1.19406,-0.51526,0.99801,-0.93079,0.58923,1.66384,-1.05,0.96595,1.14594,0.44954,0.39169,-0.0459,-0.01191,0.86108,-0.10387,-0.20309,-0.19478,0.06178,0.43231,0.47851,0.54625
Y,A,63,0.94053,0.07471,0.68815,-0.05465,0.49599,-0.23685,-0.16554,-0.01823,3.26738,0.06783,0.80366,-0.08543,-0.09557,-0.02382,0.02157,-0.35342,-0.03274,0.09006,-0.08335,-0.10355,-0.45482,0.03997,-1.07506
P,A,64,4.70693,2.75027,2.74551,2.71903,4.43007,4.04039,17.87062,19.27228,-0.00241,4.17133,4.3937,3.04775,10.7697,6.24289,5.89833,5.06479,8.41718,8.72752,8.09972,12.53889,11.8797,14.02636,16.98921
D,A,65,1.93515,2.43708,3.09595,2.26026,2.76523,2.40643,2.80763,1.63642,-0.2579,2.07548,2.99874,2.53185,2.76131,2.01384,2.44832,0.0,0.48593,2.32909,2.09009,2.35551,0.64348,3.01538,2.38727
V,A,66,-0.02254,0.53872,-0.00111,0.014,-0.20923,0.16665,-0.04642,0.61368,-0.26547,0.5351,0.38736,0.86547,-0.40126,0.25612,-0.13141,-0.43358,-0.49452,-0.32239,0.06133,0.74801,-0.2227,-0.47874,-0.0339
Y,A,67,0.55097,-0.04984,0.42631,0.0339,0.00748,-0.24103,-0.05709,0.26663,-0.31882,0.46985,0.5428,0.6233,0.00469,0.52357,0.17666,0.99554,0.55568,-0.12685,-0.16349,0.46903,1.03121,1.3194,0.03436
A,A,68,1.35348,0.0,1.58564,-1.11659,0.65623,-0.99427,0.1955,-0.14317,0.72604,0.05832,0.05393,0.68632,-0.28285,-0.96121,-0.45019,1.12832,0.46051,-0.45467,-0.30186,-0.26203,1.55334,1.4461,0.51443
R,A,69,1.48137,0.92141,-0.26713,-0.41133,-0.21956,-1.26603,3.96152,1.24634,4.27442,0.98164,0.9444,1.14793,6.62257,1.47279,1.08965,1.18594,1.69931,-0.07395,-0.12754,2.66184,4.03537,4.41001,10.67684
E,A,70,1.09346,0.0165,0.2768,-0.48099,-0.39519,-0.75894,-0.62669,-0.15881,3.17538,0.71142,0.36531,0.70964,-0.56892,0.70146,-0.10511,0.93217,-0.0,-0.26647,0.09289,0.48204,0.69607,1.91915,-0.77393
E,A,71,0.90222,0.12449,0.56659,-0.10508,0.0527,-0.45766,-0.11218,0.07428,4.43315,0.28646,0.1015,0.93427,-0.04965,0.8117,-0.03769,0.18814,-0.00054,-0.01041,0.17741,0.65655,0.52212,0.24971,-0.16745
V,A,72,4.13309,2.29155,-0.00045,-0.31845,-0.7872,1.00513,-0.05116,0.35962,4.38038,3.0124,1.3709,2.22623,0.46068,2.69438,2.54015,4.25632,3.53572,2.17365,3.07527,1.77894,8.06584,5.6107,0.43427
A,A,73,1.44094,0.0,3.80739,4.63739,6.69852,0.81249,8.83825,9.04087,7.0819,1.0283,2.44724,1.75861,8.85434,7.34818,4.25987,8.42532,3.69094,3.41275,3.80522,11.75576,5.21336,11.08916,9.71654
L,A,74,0.8889,0.18755,0.43118,-0.00425,-0.03259,0.04152,0.17753,0.0083,4.42613,0.34391,0.32205,0.87454,0.24417,0.30232,0.27151,1.06964,0.61381,0.03114,0.04609,-0.0059,1.30868,1.28377,0.32997
K,A,75,1.27193,0.34813,0.39697,-0.07436,-0.16084,-0.13725,0.22762,0.20658,4.24643,1.20455,0.85362,0.98469,0.26629,0.72385,-0.07371,1.34003,0.92516,0.01122,-0.02964,0.59616,1.82457,1.7423,0.59073
I,A,76,4.16643,3.53666,1.22357,1.60798,-0.00584,1.368,11.54296,16.81578,6.12794,4.14013,3.36097,3.03743,16.16576,4.19956,3.59382,5.72974,4.80997,4.30862,4.27045,10.23478,8.79659,8.22541,21.5542
N,A,77,0.6161,0.8809,2.38058,1.18161,3.44299,1.23558,1.0225,2.63023,5.39898,0.28147,1.33636,0.91681,1.06645,-0.03038,0.37256,1.05509,1.07551,-0.9774,-0.28091,-0.47862,1.35679,1.74894,1.0833
L,A,78,3.83952,2.42139,1.53344,-0.01673,1.00068,0.49036,-0.84172,0.59308,8.85674,3.0229,2.58363,1.95271,0.03504,2.51872,1.59252,3.38623,1.83978,1.23487,1.59631,2.11351,2.64156,6.08322,4.08412
P,A,79,2.29663,1.43225,1.75819,1.18466,1.7114,1.04549,1.64662,1.26741,-0.00646,1.8542,1.85533,1.67191,1.66359,1.76625,1.60816,1.15565,0.83844,1.49374,1.84547,1.89343,1.61242,1.57733,1.25794
E,A,80,1.5754,1.73794,1.50855,0.41132,1.35621,1.01777,1.5943,1.96834,-0.47238,1.24402,1.24849,2.25409,1.78327,1.99017,1.34412,-0.31203,0.0,1.28186,1.98531,2.38441,0.81502,0.80008,0.95239
S,A,81,0.32164,-0.29743,-0.13601,-0.72368,-0.54832,-0.52581,-0.07607,-0.10471,-1.60571,-0.00223,0.43841,0.08191,0.08639,-0.63426,-0.77541,-0.80615,-1.19893,-0.61896,-0.1249,0.26069,-1.91732,-1.18065,-0.84351
R,A,82,2.18255,0.76385,-0.24362,-0.77558,-0.26285,-0.80134,-0.16594,2.29565,3.32018,1.43198,0.41802,0.99387,0.13381,0.60028,0.81733,-0.5108,0.07328,0.32129,0.0,1.49106,1.23308,0.25683,0.18753
V,A,83,4.34916,2.65307,-0.00309,0.90347,0.55693,2.23299,10.47831,19.27848,2.51643,3.62201,2.14393,2.74999,12.36822,4.1356,3.88594,4.64528,4.39131,7.29841,13.23576,8.80646,12.63976,13.67956,27.5872
Q,A,84,0.86659,0.02525,-0.15396,-0.53459,-0.67014,-0.74705,0.11204,0.18737,3.37572,0.10711,-0.21105,0.51085,0.19923,0.59236,-0.0,-0.27759,-0.3235,0.17983,0.80648,0.84276,-0.3299,-0.64604,-0.99279
V,A,85,0.60624,-0.19286,-0.00594,-0.665,-0.45323,-0.83178,-0.87165,0.0985,2.49443,-0.16032,0.44743,0.52555,-0.64596,-0.65563,-0.13042,-0.16068,-1.03469,0.28635,0.57902,-0.05953,-1.59713,-0.42945,-1.3085
W,A,86,5.94737,4.31498,4.92268,2.41317,4.64308,1.74969,0.97653,-0.00627,8.89793,5.02215,5.31429,4.7847,1.75039,4.2292,3.26508,4.45368,3.89227,4.29371,4.63493,2.99026,5.60492,7.5144,1.39969
F,A,87,6.33444,4.84591,4.26584,1.72941,2.69274,0.99028,-0.02579,4.75255,8.94103,6.0062,4.95655,4.78165,3.10254,4.3787,5.13772,5.16162,5.03472,4.42616,6.32199,2.69371,7.8979,5.65039,15.8802
K,A,88,0.80509,-0.14207,0.30418,-0.45763,-0.45069,-1.09498,-0.39091,-0.17625,2.74544,0.64748,1.20314,0.69615,-0.24754,0.15813,-0.326,-0.18211,-0.60586,-0.02165,0.42149,0.46533,-0.88405,-0.84277,-0.7467
N,A,89,1.36352,0.51458,0.81002,-0.13847,0.13842,-0.2031,-0.08869,0.19421,3.93588,0.64797,1.04583,0.99137,0.1227,-0.02368,0.32267,0.46338,0.1607,0.57441,0.99543,0.5573,0.16575,0.36227,-0.68301
R,A,90,1.69819,-0.06238,1.53094,-1.48307,1.21588,-1.59896,-0.42079,0.05287,3.62146,0.36028,1.26622,-0.3771,-0.36769,-0.22993,-0.66534,0.67439,0.15627,-0.63438,-0.02469,-0.2555,2.02662,3.3215,0.03722
R,A,91,0.74159,0.12923,-0.52864,-2.02397,-1.50984,-2.06896,-0.85237,-1.00323,2.85154,-0.1387,0.0746,-0.23875,-0.78841,-1.47974,-0.55524,-0.56604,-0.40294,-0.20801,0.00245,0.00118,-0.41201,-0.17517,-1.95651
A,A,92,0.80443,0.0,0.45391,-0.4345,-0.14372,-0.29973,-0.35526,-0.3745,3.29979,0.95997,0.77394,0.81674,-0.32255,0.1212,-0.11936,0.18502,-0.23902,0.14327,0.45798,0.03366,-0.03368,-0.10405,-1.64428
K,A,93,1.01832,0.32656,0.5079,0.07352,-0.09909,-0.1243,-0.12698,-0.17185,3.01439,0.31368,0.22986,0.85815,-0.00829,0.48481,-0.00357,0.39836,0.11638,-0.02822,0.20678,0.48379,0.44863,0.34182,-0.7417
C,A,94,0.58138,-0.58964,0.38795,-0.68213,-0.63599,-1.30926,-0.34485,1.14149,2.76064,-0.26101,0.47533,-0.0,-0.03001,-0.93745,-0.39335,-0.61268,-0.60901,0.26809,0.75571,1.095,0.0917,2.06007,-0.08556
R,A,95,0.30338,-0.22938,-0.03896,-0.3359,-0.44773,-0.64484,-0.64356,-0.45901,1.40691,-0.39872,-0.1534,0.338,-0.14813,-0.27094,-0.41525,-0.10387,-0.42263,-0.12693,-0.01408,-0.06389,-0.25151,-0.1788,-1.51222
Q,A,96,1.02719,0.32636,0.53847,-0.0499,0.05277,-0.15074,-0.153,-0.193,2.1922,0.29564,0.66699,0.91529,-0.06386,0.59625,0.00028,0.4668,0.0969,0.29532,0.26293,0.69725,0.42456,0.36737,-0.80479
Q,A,97,1.05778,0.35876,0.71366,-0.13531,-0.04797,-0.28351,-0.16075,-0.17664,3.08385,0.88572,0.94246,1.04765,-0.0926,0.36601,-0.00284,0.49909,0.24857,0.3279,0.54107,0.56145,0.58207,0.53534,-0.72165
R,A,98,0.81712,0.19316,1.97894,0.47759,1.72102,0.38361,0.31728,0.09469,1.64954,0.08964,0.81837,1.00286,0.38698,0.32328,0.65205,0.74235,0.42351,0.39911,-0.03041,0.61518,0.53541,1.74548,0.25389
Q,A,99,1.21927,0.3475,0.42144,-0.16373,-0.30872,-0.39484,0.11993,-0.07902,3.63897,0.78056,0.7618,0.7486,-0.19231,0.57411,-0.0203,0.59674,0.0531,0.16062,0.44161,0.60403,0.57573,0.52333,-0.75579
Q,A,100,1.35327,0.33345,0.2439,-0.57283,-0.51479,-0.38771,0.09904,0.15759,3.18756,1.11181,0.74173,0.94701,0.15851,1.03143,-0.00537,1.0181,0.29489,0.00404,0.37622,1.05028,0.17983,1.38032,0.11126
Q,A,101,0.23588,-0.0211,0.37442,-0.40509,-0.18219,-0.45936,-0.07155,-0.1206,2.15669,0.77437,0.71875,0.6949,0.00713,0.82125,0.0,1.09687,0.34088,-0.12597,0.23989,0.74889,1.02074,1.49732,0.00175
K,A,102,1.26965,0.51163,1.71511,0.62103,1.48368,0.37707,0.57187,0.76646,1.24503,0.36009,0.82891,0.70302,0.60227,0.29955,0.02704,1.43761,0.97729,0.0,-0.08106,0.66557,1.35723,2.2323,0.60875
Q,A,103,0.93668,0.41707,0.37522,-0.32751,-0.10285,-0.35412,0.08683,0.0955,2.00511,0.46983,0.59236,0.32805,0.18708,0.42027,-0.00783,0.72737,0.25128,-0.06255,0.20627,0.69501,0.63764,1.10044,0.12327
Q,A,104,0.21351,0.12746,0.26737,-0.42073,-0.21223,-0.77338,-0.19341,-0.2434,3.14522,0.45538,0.31789,0.11677,-0.136,0.28772,-0.00639,0.30611,-0.08304,-0.21772,-0.10911,0.27394,0.32159,0.89605,-0.19227
