pdbid,chainid,variant,wt_idx,mt_idx,wt_nlf,mt_nlf,score_ml_fermi,score_ml,pos,wt_AA,mt_AA,wt
P25054_1-5_processed,A,M1A,10,0,3.785956884138847,2.4839824262174384,0.25540102,0.3249728023496745,1,M,A,M
P25054_1-5_processed,A,M1C,10,1,3.785956884138847,4.335140045203785,0.2984851,0.86369469277035,1,M,C,M
P25054_1-5_processed,A,M1D,10,2,3.785956884138847,2.8246796259135976,0.24410893,0.17429320711944307,1,M,D,M
P25054_1-5_processed,A,M1E,10,3,3.785956884138847,2.712832422359037,0.26285663,0.42206589513785586,1,M,E,M
P25054_1-5_processed,A,M1F,10,4,3.785956884138847,3.2079371983380796,0.26879838,0.498180879294442,1,M,F,M
P25054_1-5_processed,A,M1G,10,5,3.785956884138847,2.5602131485714543,0.2548379,0.3175647006310639,1,M,G,M
P25054_1-5_processed,A,M1H,10,6,3.785956884138847,3.772712370515455,0.24648733,0.20641195827463488,1,M,H,M
P25054_1-5_processed,A,M1I,10,7,3.785956884138847,2.8540177271228053,0.25904968,0.3727157482718296,1,M,I,M
P25054_1-5_processed,A,M1K,10,8,3.785956884138847,2.828313162223749,0.2659134,0.46135917891779676,1,M,K,M
P25054_1-5_processed,A,M1L,10,9,3.785956884138847,2.4331137753126835,0.22073534,-0.15346574125112367,1,M,L,M
P25054_1-5_processed,A,M1M,10,10,3.785956884138847,3.785956884138847,0.24820264,0.229446681998986,1,M,M,M
P25054_1-5_processed,A,M1N,10,11,3.785956884138847,3.127101928086014,0.23730716,0.08124990094085183,1,M,N,M
P25054_1-5_processed,A,M1P,10,12,3.785956884138847,3.0805551433480183,0.24697457,0.21296597676426832,1,M,P,M
P25054_1-5_processed,A,M1Q,10,13,3.785956884138847,3.3385149556513554,0.27406967,0.5648207058424942,1,M,Q,M
P25054_1-5_processed,A,M1R,10,14,3.785956884138847,3.0355669859078964,0.25256622,0.28756937610889655,1,M,R,M
P25054_1-5_processed,A,M1S,10,15,3.785956884138847,2.8445017352648363,0.24594052,0.1990461864266635,1,M,S,M
P25054_1-5_processed,A,M1T,10,16,3.785956884138847,2.8968826778292005,0.25256655,0.287573717557173,1,M,T,M
P25054_1-5_processed,A,M1V,10,17,3.785956884138847,2.623741420309898,0.2611891,0.40050670096953234,1,M,V,M
P25054_1-5_processed,A,M1W,10,18,3.785956884138847,4.250501482991098,0.25801447,0.3592148219004476,1,M,W,M
P25054_1-5_processed,A,M1Y,10,19,3.785956884138847,3.311579602010778,0.28061754,0.6464987522160492,1,M,Y,M
P25054_1-5_processed,A,A2A,0,0,2.4839824262174384,2.4839824262174384,0.22401749,-0.10601468813237536,2,A,A,A
P25054_1-5_processed,A,A2C,0,1,2.4839824262174384,4.335140045203785,0.27110493,0.5274404150730566,2,A,C,A
P25054_1-5_processed,A,A2D,0,2,2.4839824262174384,2.8246796259135976,0.20462842,-0.39403408770915804,2,A,D,A
P25054_1-5_processed,A,A2E,0,3,2.4839824262174384,2.712832422359037,0.20277877,-0.4225415686807854,2,A,E,A
P25054_1-5_processed,A,A2F,0,4,2.4839824262174384,3.2079371983380796,0.21787447,-0.1952404903167576,2,A,F,A
P25054_1-5_processed,A,A2G,0,5,2.4839824262174384,2.5602131485714543,0.26032874,0.3893484302611089,2,A,G,A
P25054_1-5_processed,A,A2H,0,6,2.4839824262174384,3.772712370515455,0.20686246,-0.35985623381016796,2,A,H,A
P25054_1-5_processed,A,A2I,0,7,2.4839824262174384,2.8540177271228053,0.19834687,-0.4916466325340674,2,A,I,A
P25054_1-5_processed,A,A2K,0,8,2.4839824262174384,2.828313162223749,0.21205634,-0.28143650754211547,2,A,K,A
P25054_1-5_processed,A,A2L,0,9,2.4839824262174384,2.4331137753126835,0.18258257,-0.7473684286631521,2,A,L,A
P25054_1-5_processed,A,A2M,0,10,2.4839824262174384,3.785956884138847,0.2099379,-0.31324943857393706,2,A,M,A
P25054_1-5_processed,A,A2N,0,11,2.4839824262174384,3.127101928086014,0.21566088,-0.22783568621360495,2,A,N,A
P25054_1-5_processed,A,A2P,0,12,2.4839824262174384,3.0805551433480183,0.23801142,0.0909677144112564,2,A,P,A
P25054_1-5_processed,A,A2Q,0,13,2.4839824262174384,3.3385149556513554,0.22595772,-0.07819646720360562,2,A,Q,A
P25054_1-5_processed,A,A2R,0,14,2.4839824262174384,3.0355669859078964,0.20440266,-0.397503400389439,2,A,R,A
P25054_1-5_processed,A,A2S,0,15,2.4839824262174384,2.8445017352648363,0.21940014,-0.17291375774748374,2,A,S,A
P25054_1-5_processed,A,A2T,0,16,2.4839824262174384,2.8968826778292005,0.21898863,-0.1789247843260483,2,A,T,A
P25054_1-5_processed,A,A2V,0,17,2.4839824262174384,2.623741420309898,0.20498429,-0.3885712968923899,2,A,V,A
P25054_1-5_processed,A,A2W,0,18,2.4839824262174384,4.250501482991098,0.1971389,-0.5106828282663911,2,A,W,A
P25054_1-5_processed,A,A2Y,0,19,2.4839824262174384,3.311579602010778,0.21952516,-0.17108915726309404,2,A,Y,A
P25054_1-5_processed,A,A3A,0,0,2.4839824262174384,2.4839824262174384,0.22195105,-0.1358314078174061,3,A,A,A
P25054_1-5_processed,A,A3C,0,1,2.4839824262174384,4.335140045203785,0.2641811,0.439127154024892,3,A,C,A
P25054_1-5_processed,A,A3D,0,2,2.4839824262174384,2.8246796259135976,0.21014185,-0.3101764461257822,3,A,D,A
P25054_1-5_processed,A,A3E,0,3,2.4839824262174384,2.712832422359037,0.19838452,-0.4910546314515679,3,A,E,A
P25054_1-5_processed,A,A3F,0,4,2.4839824262174384,3.2079371983380796,0.2024151,-0.4281694645746664,3,A,F,A
P25054_1-5_processed,A,A3G,0,5,2.4839824262174384,2.5602131485714543,0.2631861,0.42631505414244375,3,A,G,A
P25054_1-5_processed,A,A3H,0,6,2.4839824262174384,3.772712370515455,0.19797207,-0.4975436160370167,3,A,H,A
P25054_1-5_processed,A,A3I,0,7,2.4839824262174384,2.8540177271228053,0.20260642,-0.42520768838846146,3,A,I,A
P25054_1-5_processed,A,A3K,0,8,2.4839824262174384,2.828313162223749,0.20725249,-0.35391744750376875,3,A,K,A
P25054_1-5_processed,A,A3L,0,9,2.4839824262174384,2.4331137753126835,0.18872505,-0.6457895018545418,3,A,L,A
P25054_1-5_processed,A,A3M,0,10,2.4839824262174384,3.785956884138847,0.20272473,-0.4233774593855333,3,A,M,A
P25054_1-5_processed,A,A3N,0,11,2.4839824262174384,3.127101928086014,0.22122823,-0.14630789625381668,3,A,N,A
P25054_1-5_processed,A,A3P,0,12,2.4839824262174384,3.0805551433480183,0.24197505,0.14529585899258957,3,A,P,A
P25054_1-5_processed,A,A3Q,0,13,2.4839824262174384,3.3385149556513554,0.21927844,-0.17469057978517943,3,A,Q,A
P25054_1-5_processed,A,A3R,0,14,2.4839824262174384,3.0355669859078964,0.20173411,-0.438727974520719,3,A,R,A
P25054_1-5_processed,A,A3S,0,15,2.4839824262174384,2.8445017352648363,0.21744534,-0.20154060618278846,3,A,S,A
P25054_1-5_processed,A,A3T,0,16,2.4839824262174384,2.8968826778292005,0.21469557,-0.2421259084237315,3,A,T,A
P25054_1-5_processed,A,A3V,0,17,2.4839824262174384,2.623741420309898,0.20822585,-0.3391322539244407,3,A,V,A
P25054_1-5_processed,A,A3W,0,18,2.4839824262174384,4.250501482991098,0.18840536,-0.6510129019291805,3,A,W,A
P25054_1-5_processed,A,A3Y,0,19,2.4839824262174384,3.311579602010778,0.21280858,-0.27019593705509215,3,A,Y,A
P25054_1-5_processed,A,A4A,0,0,2.4839824262174384,2.4839824262174384,0.2328668,0.019515330135548292,4,A,A,A
P25054_1-5_processed,A,A4C,0,1,2.4839824262174384,4.335140045203785,0.27829143,0.6176186984128126,4,A,C,A
P25054_1-5_processed,A,A4D,0,2,2.4839824262174384,2.8246796259135976,0.22166699,-0.13994561367277725,4,A,D,A
P25054_1-5_processed,A,A4E,0,3,2.4839824262174384,2.712832422359037,0.21009846,-0.31083006223345755,4,A,E,A
P25054_1-5_processed,A,A4F,0,4,2.4839824262174384,3.2079371983380796,0.2195493,-0.1707369366510031,4,A,F,A
P25054_1-5_processed,A,A4G,0,5,2.4839824262174384,2.5602131485714543,0.27328405,0.5549400841818766,4,A,G,A
P25054_1-5_processed,A,A4H,0,6,2.4839824262174384,3.772712370515455,0.2068765,-0.35964235392863586,4,A,H,A
P25054_1-5_processed,A,A4I,0,7,2.4839824262174384,2.8540177271228053,0.21575859,-0.22639184732050566,4,A,I,A
P25054_1-5_processed,A,A4K,0,8,2.4839824262174384,2.828313162223749,0.21681574,-0.21080031583961267,4,A,K,A
P25054_1-5_processed,A,A4L,0,9,2.4839824262174384,2.4331137753126835,0.20223357,-0.4309813931310319,4,A,L,A
P25054_1-5_processed,A,A4M,0,10,2.4839824262174384,3.785956884138847,0.22368047,-0.11086415322487608,4,A,M,A
P25054_1-5_processed,A,A4N,0,11,2.4839824262174384,3.127101928086014,0.23465441,0.04446590469772416,4,A,N,A
P25054_1-5_processed,A,A4P,0,12,2.4839824262174384,3.0805551433480183,0.26992378,0.5124766621739576,4,A,P,A
P25054_1-5_processed,A,A4Q,0,13,2.4839824262174384,3.3385149556513554,0.23660584,0.07155283138806368,4,A,Q,A
P25054_1-5_processed,A,A4R,0,14,2.4839824262174384,3.0355669859078964,0.21623062,-0.21942329843588737,4,A,R,A
P25054_1-5_processed,A,A4S,0,15,2.4839824262174384,2.8445017352648363,0.23561917,0.05787673814117045,4,A,S,A
P25054_1-5_processed,A,A4T,0,16,2.4839824262174384,2.8968826778292005,0.22797886,-0.04939763502527561,4,A,T,A
P25054_1-5_processed,A,A4V,0,17,2.4839824262174384,2.623741420309898,0.22055678,-0.1560616820622246,4,A,V,A
P25054_1-5_processed,A,A4W,0,18,2.4839824262174384,4.250501482991098,0.19679558,-0.5161092734045841,4,A,W,A
P25054_1-5_processed,A,A4Y,0,19,2.4839824262174384,3.311579602010778,0.22165753,-0.14008272521003562,4,A,Y,A
P25054_1-5_processed,A,S5A,15,0,2.8445017352648363,2.4839824262174384,0.2532184,0.29619912529848025,5,S,A,S
P25054_1-5_processed,A,S5C,15,1,2.8445017352648363,4.335140045203785,0.30592382,0.9518859765424839,5,S,C,S
P25054_1-5_processed,A,S5D,15,2,2.8445017352648363,2.8246796259135976,0.22995602,-0.021398949387986255,5,S,D,S
P25054_1-5_processed,A,S5E,15,3,2.8445017352648363,2.712832422359037,0.23514242,0.051254381787051995,5,S,E,S
P25054_1-5_processed,A,S5F,15,4,2.8445017352648363,3.2079371983380796,0.25451902,0.31336480930228616,5,S,F,S
P25054_1-5_processed,A,S5G,15,5,2.8445017352648363,2.5602131485714543,0.27527723,0.579973723044638,5,S,G,S
P25054_1-5_processed,A,S5H,15,6,2.8445017352648363,3.772712370515455,0.23752356,0.08423796368735859,5,S,H,S
P25054_1-5_processed,A,S5I,15,7,2.8445017352648363,2.8540177271228053,0.25017774,0.2558385976821298,5,S,I,S
P25054_1-5_processed,A,S5K,15,8,2.8445017352648363,2.828313162223749,0.24152222,0.1391199712356711,5,S,K,S
P25054_1-5_processed,A,S5L,15,9,2.8445017352648363,2.4331137753126835,0.22986299,-0.022712524089273378,5,S,L,S
P25054_1-5_processed,A,S5M,15,10,2.8445017352648363,3.785956884138847,0.25498092,0.3194472480670979,5,S,M,S
P25054_1-5_processed,A,S5N,15,11,2.8445017352648363,3.127101928086014,0.24758606,0.2211789895039773,5,S,N,S
P25054_1-5_processed,A,S5P,15,12,2.8445017352648363,3.0805551433480183,0.2796049,0.6339444558568693,5,S,P,S
P25054_1-5_processed,A,S5Q,15,13,2.8445017352648363,3.3385149556513554,0.2646262,0.44484837081841033,5,S,Q,S
P25054_1-5_processed,A,S5R,15,14,2.8445017352648363,3.0355669859078964,0.241459,0.13825704843340558,5,S,R,S
P25054_1-5_processed,A,S5S,15,15,2.8445017352648363,2.8445017352648363,0.24429865,0.1768630090886536,5,S,S,S
P25054_1-5_processed,A,S5T,15,16,2.8445017352648363,2.8968826778292005,0.25067636,0.26247934540169326,5,S,T,S
P25054_1-5_processed,A,S5V,15,17,2.8445017352648363,2.623741420309898,0.24992046,0.25240860050847025,5,S,V,S
P25054_1-5_processed,A,S5W,15,18,2.8445017352648363,4.250501482991098,0.22587745,-0.07934401256501078,5,S,W,S
P25054_1-5_processed,A,S5Y,15,19,2.8445017352648363,3.311579602010778,0.26044145,0.39081158369316804,5,S,Y,S
