Target_protein,Target_Uniprot_AC,StringID_Target,Interactor,Interactor_UniProt_AC,StringID_Interactor,String_score,Experimental_score,Database_score,Textmining_score,PDB_ID,Experiment_Type,Resolution
NUTM1,Q86Y26,9606.ENSP00000444896,EP300,Q09472,9606.ENSP00000263253,0.759,0.457,0,0.575,7XEZ,SOLUTION NMR,
NUTM1,Q86Y26,9606.ENSP00000444896,EP300,Q09472,9606.ENSP00000263253,0.759,0.457,0,0.575,7XFG,SOLUTION NMR,
NUTM1,Q86Y26,9606.ENSP00000444896,ALOX5,P09917,9606.ENSP00000363512,0.456,0.456,0,0.0,,,
NUTM1,Q86Y26,9606.ENSP00000444896,P4HA3,Q7Z4N8,9606.ENSP00000401749,0.329,0.329,0,0.0,,,
NUTM1,Q86Y26,9606.ENSP00000444896,AXIN1,O15169,9606.ENSP00000262320,0.229,0.23,0,0.0,,,
NUTM1,Q86Y26,9606.ENSP00000444896,SAMD4A,Q9UPU9,9606.ENSP00000452535,0.219,0.219,0,0.0,,,
NUTM1,Q86Y26,9606.ENSP00000444896,IFIT2,P09913,9606.ENSP00000490935,0.206,0.206,0,0.0,,,
NUTM1,Q86Y26,9606.ENSP00000444896,RIC8A,Q9NPQ8,9606.ENSP00000325941,0.203,0.203,0,0.0,,,
NUTM1,Q86Y26,9606.ENSP00000444896,HLA-DRA,P01903,9606.ENSP00000378786,0.167,0.168,0,0.0,,,
NUTM1,Q86Y26,9606.ENSP00000444896,CCHCR1,Q8TD31,9606.ENSP00000379566,0.163,0.164,0,0.0,,,
NUTM1,Q86Y26,9606.ENSP00000444896,PSME4,Q14997,9606.ENSP00000384211,0.161,0.162,0,0.0,,,
NUTM1,Q86Y26,9606.ENSP00000444896,HSPBAP1,Q96EW2,9606.ENSP00000302562,0.161,0.162,0,0.0,,,
