Target_Uniprot_AC,Target_protein,Interactor_UniProt_AC,Interactor,Mentha_score,String_score,PPI_Structure,PDBminer_complexes_structure,PDBminer_structure
Q86Y26,NUTM1,Q09472,EP300,0.569,0.759,7XEZ;7XFG,7XFG,7XFG
Q86Y26,NUTM1,P09917,ALOX5,0.454,0.456,,,
Q86Y26,NUTM1,Q7Z4N8,P4HA3,0.454,0.329,AF_Huri_HuMAP,,
Q86Y26,NUTM1,Q9UPU9,SAMD4A,0.454,0.219,,,
Q86Y26,NUTM1,Q9NPQ8,RIC8A,0.454,0.203,AF_Huri_HuMAP,,
Q86Y26,NUTM1,Q8TD31,CCHCR1,0.454,0.163,,,
Q86Y26,NUTM1,Q96EW2,HSPBAP1,0.454,0.161,,,
Q86Y26,NUTM1,Q14997,PSME4,0.454,0.161,,,
Q86Y26,NUTM1,O75800,ZMYND10,0.454,,AF_Huri_HuMAP,,
Q86Y26,NUTM1,Q68G74,LHX8,0.454,,,,
Q86Y26,NUTM1,Q9H788,SH2D4A,0.454,,,,
Q86Y26,NUTM1,Q8TAP4,LMO3,0.454,,,,
Q86Y26,NUTM1,Q8NDC4,MORN4,0.454,,AF_Huri_HuMAP,,
Q86Y26,NUTM1,O76041,NEBL,0.454,,,,
Q86Y26,NUTM1,Q7Z3B3,KANSL1,0.454,,,,
Q86Y26,NUTM1,P25800,LMO1,0.454,,,,
Q86Y26,NUTM1,P54646,PRKAA2,0.454,,,,
Q86Y26,NUTM1,P25791,LMO2,0.454,,,,
Q86Y26,NUTM1,Q3B820,FAM161A,0.454,,,,
Q86Y26,NUTM1,P52292,KPNA2,0.454,,AF_Huri_HuMAP,,
Q86Y26,NUTM1,Q13625,TP53BP2,0.454,,,,
Q86Y26,NUTM1,Q8IZ03,IFIT2,0.332,,,,
Q86Y26,NUTM1,Q8WWA6,ZNF277,0.332,,,,
Q86Y26,NUTM1,Q9H641,Q9H641,0.332,,,,
Q86Y26,NUTM1,P09913,IFIT2,,0.206,AF_Huri_HuMAP,,
Q86Y26,NUTM1,Q8IYX1,TBC1D21,,,AF_Huri_HuMAP,,
Q86Y26,NUTM1,Q9H7H0,METTL17,,,AF_Huri_HuMAP,,
Q86Y26,NUTM1,Q9H8W4,PLEKHF2,,,AF_Huri_HuMAP,,
Q86Y26,NUTM1,Q5W5X9,TTC23,,,AF_Huri_HuMAP,,
Q86Y26,NUTM1,O15169,AXIN1,,0.229,,,
Q86Y26,NUTM1,P01903,HLA-DRA,,0.167,,,
